transacoes,linha,cartoes_unicos,carros_unicos,vl_linha_medio,vl_trans_medio,vl_subsidio_total,pct_subsidio_medio,Seg,Ter,Qua,Qui,Sex,Sáb,Dom
118673,R1CBL - ESTAÇÃO CENTRAL DO BRASIL - SUPERVIA,4216,30,7.6,4.38,382442.6,42.41,0,0,39627,39754,39292,0,0
80644,L1 CTR - Estação Central - Metrô,4053,25,7.9,3.23,376935.6,59.16,0,0,26697,27096,26851,0,0
56617,L2 PVN - Estação Pavuna - Metrô,3754,16,7.9,3.64,241358.6,53.96,0,0,18935,19094,18588,0,0
46759,L1 BTF - Estação Botafogo - Metrô,3688,19,7.9,4.76,137331.0,37.18,0,0,15752,15634,15372,1,0
33075,L1 CRC - Estação Carioca - Metrô,3456,17,7.9,4.7,105870.65,40.52,0,0,11426,11420,10229,0,0
27801,L4 JOC - Estação Jardim Oceânico,3281,18,7.9,5.01,80381.6,36.6,0,0,9146,9342,9312,1,0
24337,415T-MS - BARRA DA TIJUCA - MAGE,2731,48,20.25,7.07,320699.55,65.07,0,0,8470,8036,7831,0,0
22898,R1MRA - ESTAÇÃO MADUREIRA - SUPERVIA,2988,12,7.6,4.77,64744.7,37.2,0,0,7703,7650,7545,0,0
22532,L1 SCP - Estação Siqueira Campos - Metrô,3172,19,7.9,5.08,63637.9,35.75,0,0,7406,7516,7610,0,0
21843,R1SCO - SÃO CRISTÓVÃO,3039,10,7.6,4.84,60216.4,36.27,0,0,7393,7481,6969,0,0
21361,L1 URG - Estação Uruguaiana - Metrô,3036,16,7.9,4.51,72413.9,42.91,0,0,7304,7094,6963,0,0
20745,R3NIU - ESTAÇÃO NOVA IGUAÇU - SUPERVIA,3201,8,7.6,4.09,72808.05,46.18,0,0,6806,7053,6886,0,0
18522,L4 AQT - Estação Antero de Quental,3058,9,7.9,4.93,52399.6,35.81,0,0,6048,6176,6297,1,0
17921,PXV-NIT - PRAÇA XV X ARARIBOIA,2866,44,5.0,3.95,18899.6,21.09,0,0,6128,6115,5678,0,0
17120,L1 LMC - Estação Largo do Machado - Metrô,2967,6,7.9,5.06,48547.7,35.9,0,0,5748,5732,5637,3,0
16700,L4 NSP - Estação Nossa Senhora da Paz,2887,8,7.9,5.07,47211.8,35.79,0,0,5405,5579,5716,0,0
16413,R3QMO - ESTAÇÃO QUEIMADOS - SUPERVIA,2872,8,7.6,4.51,50656.6,40.61,0,0,5389,5722,5302,0,0
16209,499 - CABUÇU - CENTRAL,2668,87,14.25,6.8,120774.1,52.29,0,0,5425,5350,5434,0,0
16171,567D - CANDELÁRIA - VENDA DAS PEDRAS ( VIA PPCS ),2784,63,17.1,7.38,157115.05,56.82,0,0,5491,5461,5219,0,0
15782,603ISEC - NOVA IGUAÇU - MAGÉ,2296,33,18.43,6.96,181001.8,60.78,0,0,5505,5410,4867,0,0
15640,490 - CENTRAL - MIGUEL COUTO,2680,87,14.25,6.72,117801.3,52.86,0,0,5262,5167,5208,3,0
15603,R5GRM - ESTAÇÃO GRAMACHO - SUPERVIA,2659,10,7.6,3.77,59782.6,50.41,0,0,5275,5200,5128,0,0
15510,L1 CNL - Estação Cinelândia - Metrô,2616,14,7.9,4.95,45697.9,37.3,0,0,5334,5383,4791,2,0
15240,L1 FLA - Estação Flamengo - Metrô,2900,7,7.9,5.07,43160.2,35.85,0,0,5081,5142,5017,0,0
14904,L1 SPN - Estação Saens Peña - Metrô,2871,7,7.9,5.06,42302.8,35.93,0,0,4995,5004,4905,0,0
14457,R3EPA - ESTAÇÃO ENGENHEIRO PEDREIRA - SUPERVIA,2688,7,7.6,4.69,42070.6,38.29,0,0,4762,4889,4806,0,0
14262,444L - PIABETA X PENHA,2350,44,15.1,7.28,111518.6,51.78,0,0,4723,4772,4767,0,0
14253,128013 - NOVA IGUAÇU - XEREM,2104,57,7.1,4.54,36469.0,36.04,0,0,4830,4872,4551,0,0
14209,L1 URI - Estação Uruguai - Metrô,2786,8,7.9,5.06,40358.2,35.95,0,0,4637,4835,4737,0,0
14176,L1 GNO - Estação General Osório - metrô,2867,8,7.9,5.08,40000.2,35.72,0,0,4686,4684,4806,0,0
13774,413M - NITERÓI - VENDA DAS PEDRAS ( VIA BR-101 ),2535,52,12.55,7.63,67717.95,39.17,0,0,4609,4570,4595,0,0
13420,L2 CNT - Estação Coelho Neto - Metrô,2485,7,7.9,4.01,52241.8,49.28,0,0,4498,4513,4409,0,0
13389,492 - CENTRAL - VILA DE CAVA,2491,69,14.25,7.14,95195.45,49.9,0,0,4445,4486,4458,0,0
13382,R2CGE - ESTAÇÃO CAMPO GRANDE - SUPERVIA,2521,8,7.6,4.62,39897.6,39.23,0,0,4488,4554,4340,0,0
12969,2146D - MARICA - CASTELO TA,2684,63,20.25,7.01,171677.75,65.37,0,0,4303,4439,4226,1,0
12718,L2 DCT - Estação Del Castilho - Metrô,2404,3,7.9,5.03,36471.9,36.3,0,0,4307,4218,4192,1,0
12608,L4 JAH - Estação Jardim de Alah,2585,6,7.9,5.06,35757.5,35.9,0,0,4071,4217,4320,0,0
12190,R3ATN - ESTAÇÃO AUSTIN - SUPERVIA,2407,6,7.6,4.6,36628.45,39.54,0,0,4005,4136,4049,0,0
12088,R1DDO - ESTAÇÃO DEODORO - SUPERVIA,2409,4,7.6,4.67,35434.5,38.57,0,0,3992,4074,4022,0,0
12031,2144R - MARICA - NITEROI TA,2637,58,14.25,7.66,79326.9,46.27,0,0,4103,4028,3900,0,0
12008,R2SCZ - ESTAÇÃO SANTA CRUZ - SUPERVIA,2170,5,7.6,4.86,32904.6,36.06,0,0,4099,4015,3894,0,0
11951,L4 SCO - Estação São Conrado,2420,6,7.9,5.02,34373.5,36.41,0,0,3903,3980,4068,0,0
11847,417T - XEREM - BARRA DA TIJUCA,2171,27,15.95,7.16,104161.65,55.13,0,0,4029,3869,3949,0,0
11597,502 - VALE DO IPE - DUQUE DE CAXIAS,2006,33,6.7,4.57,24744.3,31.85,0,0,3908,3914,3775,0,0
11533,R1MNA - MARACANÃ,2501,10,7.6,4.88,31323.9,35.74,0,0,3916,3883,3734,0,0
11475,541 - NOVA IGUAÇU - PAVUNA ( VIA LIGHT),2077,33,6.7,5.07,18714.35,24.34,0,0,4055,4145,3275,0,0
11385,425T - QUEIMADOS X BARRA DA TIJUCA,2396,40,20.25,7.29,147498.2,63.98,0,0,3838,3750,3797,0,0
11357,560 - PRAÇA XV X VENDA DAS PEDRAS (VIA PPCS),2502,27,18.37,7.11,127964.2,61.21,0,0,3746,3853,3757,1,0
11324,R5CXS - ESTAÇÃO DUQUE DE CAXIAS - SUPERVIA,2465,5,7.6,3.87,42212.7,49.05,0,0,3817,3871,3636,0,0
11221,L1 CTG - Estação Cantagalo - Metrô,2642,7,7.9,5.08,31666.0,35.72,0,0,4188,4214,2819,0,0
11174,L2 VCV - Estação Vicente de Carvalho - Metrô,2291,6,7.9,4.9,33575.5,38.04,0,0,3722,3836,3615,1,0
10767,L2 IRJ - Estação Irajá - Metrô,2284,5,7.9,4.81,33220.1,39.06,0,0,3627,3631,3509,0,0
10719,L2 SCR - Estação São Cristovão - Metrô,2545,13,7.9,4.87,32498.35,38.38,0,0,3718,3632,3369,0,0
10681,L1 PVG - Estação Presidente Vargas - Metrô,2474,2,7.9,2.95,52906.8,62.7,0,0,3692,3794,3195,0,0
10198,499 - PARQUE SAO JOSE - DUQUE DE CAXIAS,1775,33,6.7,4.62,21181.3,31.0,0,0,3250,3493,3455,0,0
9994,468C - CENTRAL - PIABETÁ (VIA IMBARIÊ),2723,47,15.1,7.0,80981.25,53.66,0,0,3410,3135,3449,0,0
9930,R1EDO - ESTAÇÃO ENGENHO DE DENTRO - SUPERVIA,2276,7,7.6,4.91,26701.5,35.38,0,0,3327,3302,3301,0,0
9668,510 - CABUÇU X CENTRAL,2059,24,15.25,6.59,83762.3,56.68,0,0,3156,3230,3282,0,0
9484,112C - DUQUE DE CAXIAS - CENTRAL (VIA LINHA VERMELHA/AV. BRASIL),2217,44,10.4,6.46,37337.5,37.86,0,0,3290,3038,3155,1,0
9422,L2 CNO - Estaçao Cidade Nova - metrô,2361,3,7.9,2.88,47287.2,63.53,0,0,3197,3184,3041,0,0
9369,L2 MRC - Estação Maracanã - Metrô,2382,6,7.9,4.82,28883.1,39.02,0,0,3172,3223,2973,1,0
9362,R3CSS - ESTAÇÃO COMENDADOR SOARES - SUPERVIA,2280,4,7.6,4.66,27562.1,38.74,0,0,3171,3204,2987,0,0
9229,L2 ERP - Estação Eng Rubens Paiva - Metrô,2017,3,7.9,4.72,29302.1,40.19,0,0,3040,3139,3050,0,0
9092,405T - NOVA IGUAÇU - BARRA DA TIJUCA,2199,28,15.95,6.71,83994.0,57.92,0,0,2938,3120,3034,0,0
9042,LINHA4 - TERMINAL INTERMODAL GENTILEZA - PRAÇA XV,2001,133,5.0,3.82,10689.35,23.64,0,0,3388,3250,2404,0,0
8837,128024 - PAVUNA - VALE DO IPÊ,1924,39,6.7,4.94,15553.65,26.27,0,0,2967,2934,2936,0,0
8783,7721D - SANTA ISABEL - CANDELÁRIA,2181,45,17.1,7.29,86174.65,57.38,0,0,2899,3212,2672,0,0
8737,110 - SÃO GONÇALO X PASSEIO ( VIA LEOPOLDINA),2059,54,15.95,7.28,75751.8,54.36,0,0,3102,3018,2617,0,0
8710,R3NLS - ESTAÇÃO NILÓPOLIS - SUPERVIA,2046,7,7.6,4.46,27385.5,41.37,0,0,2935,2936,2839,0,0
8663,L1 CAV - Estação Cardeal Arcoverde - Metrô,2478,7,7.9,5.06,24644.7,36.01,0,0,3152,3325,2185,1,0
8617,L1 GLR - Estação Glória - Metrô,2145,5,7.9,4.99,25085.8,36.85,0,0,2920,2907,2789,1,0
8541,110125 - MAGE X CENTRAL,2431,50,20.25,7.08,112502.8,65.05,0,0,2982,2855,2704,0,0
8239,549M - NITERÓI - SANTA ISABEL ( VIA TRIBOBÓ ),1887,43,9.1,6.53,21211.2,28.29,0,0,2734,2750,2755,0,0
8227,193C - CENTRAL - PARACAMBI,1799,26,20.25,7.56,104400.5,62.67,0,0,2860,2576,2791,0,0
8155,404 IDK - DUQUE DE CAXIAS - PIABETÁ (VIA MARACANÃ),2064,34,11.03,6.86,34031.8,38.25,0,0,2887,2604,2664,0,0
8151,5721D - APOLO III - PASSEIO,1927,40,17.1,7.35,79461.35,57.01,0,0,2588,2849,2714,0,0
8044,L2 CLG - Estação Colégio - Metrô,1870,3,7.9,4.66,26022.9,40.95,0,0,2703,2659,2682,0,0
8023,30 - MARTINS TORRES,2129,65,5.6,1.25,34924.6,77.73,0,0,2660,2709,2654,0,0
7836,"3404I - PIABETA X PENHA ""A""",1833,15,15.1,7.41,60292.65,50.96,0,0,2629,2614,2593,0,0
7835,R1MER - ESTAÇÃO MÉIER - SUPERVIA,2059,5,7.6,4.97,20623.0,34.63,0,0,2607,2661,2567,0,0
7768,111196 - GUAPIMIRIM X PRAÇA MAUA,2300,50,20.25,7.1,102145.65,64.94,0,0,2085,2625,3058,0,0
7755,R2BGU - ESTAÇÃO BANGU - SUPERVIA,1821,3,7.6,4.92,20754.7,35.21,0,0,2615,2652,2488,0,0
7744,440B - QUEIMADOS - CENTRAL,1898,33,17.1,6.84,79491.5,60.03,0,0,2603,2675,2466,0,0
7735,415T-BV - DUQUE DE CAXIAS X BARRA DA TIJUCA,2091,27,11.7,6.46,40563.85,44.82,0,0,2618,2591,2526,0,0
7733,415C - CENTRAL  -  JARDIM LEAL ( VIA GRAMACHO),1860,42,10.4,6.52,29965.9,37.26,0,0,2560,2524,2644,5,0
7699,11 - JARDIM LEAL X PRAINHA,1562,30,5.0,3.38,12469.7,32.39,0,0,2512,2667,2520,0,0
7599,484M - ALCÂNTARA - NITERÓI ( VIA TRIBOBÓ ),2084,34,7.1,5.15,14801.2,27.43,0,0,2462,2559,2578,0,0
7565,100 - GENERAL OSÓRIO - CENTRAL,2272,25,5.0,2.87,16123.95,42.63,0,0,2551,2600,2414,0,0
7531,128014 - J. REDENTOR - CASCADURA,1790,34,6.7,5.33,10294.4,20.4,0,0,2455,2615,2461,0,0
7409,530 - QUEIMADOS X CENTRAL,1893,19,18.27,6.62,86340.85,63.69,0,0,2449,2383,2576,1,0
7354,R4BRX - ESTAÇÃO BELFORD ROXO - SUPERVIA,1921,6,7.6,4.21,24959.7,44.66,0,0,2468,2468,2418,0,0
7350,106 - SÃO JOÃO - NILÓPOLIS,1612,19,6.7,5.24,10723.8,21.78,0,0,2448,2485,2417,0,0
7305,425T - QUEIMADOS - BARRA DA TIJUCA,2008,21,20.25,7.11,95967.6,64.88,0,0,2664,2286,2355,0,0
7297,1721D - ALCÂNTARA - CANDELÁRIA,2071,34,15.95,7.33,62934.35,54.08,0,0,2539,2416,2342,0,0
7291,548P - NILOPOLIS - CAMPO GRANDE,1843,44,7.7,5.07,19197.95,34.2,0,0,2428,2442,2421,0,0
7166,026 - JOAO PESSOA - DUQUE DE CAXIAS,1541,22,5.3,3.36,13890.4,36.57,0,0,2449,2402,2315,0,0
7152,133027 - SANTA SOFIA  X COELHO NETO,1776,33,7.7,5.58,15130.8,27.48,0,0,2385,2411,2356,0,0
7138,47 - CANTO DO RIO,2253,62,5.6,1.09,32160.2,80.46,0,0,2401,2527,2210,0,0
7016,551 - NOVA IGUAÇU - PENHA,1729,41,6.7,4.95,12256.8,26.07,0,0,2380,2321,2315,0,0
6989,470 - TAQUARA X CENTRAL (VIA PARADA ANGELICA],2174,34,15.1,7.21,55156.0,52.26,0,0,2434,2347,2208,0,0
6987,L2 MGR - Estação Maria da Graça - Metrô,1782,5,7.9,5.01,20162.8,36.53,0,0,2306,2343,2338,0,0
6941,405DKA - CAXIAS - PIABETÁ (LOTE XV),1821,24,8.45,5.21,22485.2,39.26,0,0,2250,2459,2232,0,0
6929,102C - DUQUE DE CAXIAS - CENTRAL (VIA 25 AGOSTO),1753,49,10.4,6.99,23631.9,32.8,0,0,2400,2255,2274,0,0
6886,594 - CHARITAS - LEME URB,2145,30,14.25,6.85,50990.4,51.97,0,0,2173,2361,2352,0,0
6884,770A - ITAIPU - CASTELO,2075,23,14.25,7.17,48770.85,49.72,0,0,2224,2288,2371,1,0
6878,500 - BAIRRO VONA (VIA PARQUE FLU - DUQUE DE CAXIAS,1515,22,6.7,4.72,13603.85,29.52,0,0,2395,2300,2182,1,0
6870,451B - ENG. PEDREIRA - CENTRAL,1749,20,17.1,7.21,67954.55,57.85,0,0,2364,2289,2217,0,0
6862,138I - CAXIAS - NILOPOLIS ( VIA JARDIM AMERICA),1388,26,6.7,4.67,13953.25,30.35,0,0,2546,2462,1854,0,0
6762,L1 CTT - Estação Catete - Metrô,2094,3,7.9,5.07,19135.6,35.82,0,0,2510,2328,1924,0,0
6753,L2 ERN - Estação Engenho da Rainha - Metrô,1668,5,7.9,5.0,19617.3,36.77,0,0,2264,2272,2217,0,0
6730,128001 - S.JOÃO X CAXIAS (METRÓPOLE),1521,25,6.7,4.32,16006.4,35.5,0,0,2237,2259,2234,0,0
6707,503 - NITEROI X ALCANTARA (VIA TRIBOBÓ),1780,42,7.6,5.37,14957.95,29.27,0,0,2196,2278,2233,0,0
6585,113417D - CACUIA - VILAR DOS TELES,1648,15,12.1,7.28,31720.75,40.23,0,0,2311,2130,2144,0,0
6476,412I - PAVUNA -SEROPÉDICA,1570,10,12.55,7.28,34130.7,42.0,0,0,2140,2137,2199,0,0
6451,415T-BS - DUQUE DE CAXIAS - BARRA DA TIJUCA,1957,12,11.7,6.58,33022.9,43.75,0,0,2337,2256,1858,0,0
6399,531MA - NITEROI X J. ALCÂNTARA (V. DR MARCH),1712,23,7.1,5.33,11295.8,24.86,0,0,2144,2149,2106,0,0
6377,L2 INH - Estação Inhaúma - Metrô,1645,3,7.9,5.0,18488.1,36.7,0,0,2254,2235,1888,0,0
6361,404M - NITERÓI - TRINDADE ( VIA BR-101 ),1617,43,7.1,5.37,11017.6,24.39,0,0,2212,2138,2011,0,0
6328,442B - CABUÇU - CENTRAL,1741,22,14.25,7.41,43311.25,48.03,0,0,1960,2300,2068,0,0
6326,428L - NOVA AURORA X BONSUCESSO,1724,39,6.7,5.13,9933.05,23.44,0,0,2175,2106,2045,0,0
6323,771A - PENDOTIBA X CASTELO,1971,23,14.25,7.52,42533.15,47.21,0,0,2165,2125,2033,0,0
6300,128003 - S. JOÃO - CAXIAS (MATADOURO),1404,19,6.7,4.48,14004.6,33.18,0,0,2102,2086,2112,0,0
6224,418 - PARQUE SUECIA - DUQUE DE CAXIAS,1359,22,6.7,4.73,12239.1,29.35,0,0,2267,2118,1839,0,0
6198,L1 ESA - Estação Estácio - Metrô,1724,4,7.9,4.69,19890.8,40.62,0,0,2036,2126,2036,0,0
6153,L2 TRG - Estação Triagem - Metrô,1670,5,7.9,4.98,17984.2,37.0,0,0,2012,2111,2030,0,0
6152,103C - DUQUE DE CAXIAS - PRAÇA MAUÁ (VIA 25 AGOSTO),1706,53,10.4,6.44,24341.15,38.05,0,0,2053,2109,1990,0,0
6130,553 - PAVUNA - STA. MARIA,1614,23,6.7,4.89,11083.4,26.99,0,0,2460,2477,1193,0,0
5989,128008 - N. IGUAÇU - CAXIAS ( LOTE XV),1626,35,6.7,4.39,13833.65,34.48,0,0,2057,1962,1970,0,0
5985,128002 - S. JOÃO X CAXIAS (V. TELES),1507,15,6.7,4.61,12527.45,31.24,0,0,2021,2017,1947,0,0
5832,800 - NOVA AURORA X MADUREIRA,1476,31,6.7,4.57,12405.7,31.75,0,0,1957,2025,1850,0,0
5820,515M - PORTO DO ROSA - NITERÓI ( VIA PORTO VELHO ),1769,34,7.1,5.29,10508.6,25.43,0,0,1984,2020,1816,0,0
5743,415 - USINA X LEBLON,2007,31,5.0,2.54,14121.4,49.18,0,0,2031,1900,1811,1,0
5713,128023 - S. VICENTE - MEIER,1660,29,6.7,5.21,8486.0,22.17,0,0,1889,1925,1899,0,0
5685,L1 SFX - Estação São Francisco Xavier - Metrô,1946,5,7.9,5.07,16105.5,35.86,0,0,1892,1888,1905,0,0
5646,143C - NITERÓI - NOVA IGUAÇU ( VIA PPCS/S. J. MERITI ),1647,22,17.1,7.4,54772.1,56.73,0,0,1815,2030,1801,0,0
5633,516M - MUTUAPIRA - NITERÓI ( VIA DR. MARCH ),1691,38,7.1,5.3,10145.0,25.37,0,0,1948,1826,1859,0,0
5611,3721D - ALCÂNTARA - BOTAFOGO,1708,22,15.95,7.21,49039.9,54.8,0,0,1826,1995,1790,0,0
5605,408M - Alcântara - Niterói (via Porto Velho),1948,40,7.1,4.96,12017.7,30.2,0,0,1891,1875,1839,0,0
5603,121Q - MAGÉ - NITERÓI ( VIA ITAMBI ),1933,18,17.1,7.07,56204.75,58.66,0,0,1849,1925,1829,0,0
5521,R3JRI - ESTAÇÃO JAPERI - SUPERVIA,1681,4,7.6,4.73,15865.2,37.81,0,0,1853,1887,1781,0,0
5509,1518B - CENTRAL - HELIOPOLIS,1577,11,14.25,7.07,39576.65,50.42,0,0,1799,1909,1801,0,0
5470,180I - NOVA IGUAÇU - JAPERI,1392,24,6.7,4.56,11720.6,31.98,0,0,1904,1757,1809,0,0
5417,580I - TRES FONTES - PAVUNA (VIA VIA LIGHT),1677,27,6.7,5.36,7249.65,19.98,0,0,1796,1876,1745,0,0
5385,559B - PARQUE SÃO VICENTE - CENTRAL,1642,31,15.1,7.04,43390.0,53.36,0,0,1894,1755,1736,0,0
5365,R2PCA - ESTAÇÃO PACIÊNCIA - SUPERVIA,1515,3,7.6,4.95,14197.9,34.82,0,0,1731,1902,1732,0,0
5351,485 - DUQUE DE CAXIAS X PILARES,1389,23,6.7,4.57,11381.85,31.75,0,0,1820,1749,1779,3,0
5335,2462C - PIABETÁ X PASSEIO (AC),1947,23,15.1,6.36,46648.5,57.91,0,0,1704,1763,1868,0,0
5325,727 - PARQUE ARARUAMA - GRAMACHO,1334,22,6.7,4.24,13102.55,36.72,0,0,1875,1686,1763,1,0
5311,137I - NOVA IGUAÇU - CAIXAS ( VIA DUTRA),1338,26,7.7,4.95,14617.85,35.75,0,0,1728,1778,1805,0,0
5292,417M - MANILHA - NITERÓI ( VIA BR-101 ),1672,27,10.4,7.66,14501.15,26.35,0,0,1752,1773,1767,0,0
5285,595 - CHARITAS - GAVEA URB,1925,28,14.25,6.87,39019.3,51.81,0,0,1771,1720,1794,0,0
5278,466C - SAO FRANCISCO DO CROARA - CENTRAL,1689,38,20.25,7.41,67767.5,63.4,0,0,1881,1723,1674,0,0
5248,1121Q - MAGÉ - NITERÓI ( VIA ITAMBI ),1802,9,17.1,7.17,52107.3,58.06,0,0,1818,1708,1722,0,0
5239,122Q - MAGÉ - ALCÂNTARA ( VIA ITAMBI ),1662,22,11.7,6.8,25687.35,41.91,0,0,1771,1697,1771,0,0
5238,501 - ALCANTARA X CASTELO,1793,19,17.21,6.64,55356.85,61.31,0,0,1699,1706,1832,1,0
5220,555 - NITEROI X VENDAS DAS PEDRAS (VIA BR 101),1708,16,15.5,7.69,40764.85,49.11,0,0,1734,1714,1772,0,0
5156,488 - DUQUE DE CAXIAS - USINA,1417,17,11.7,6.79,25302.0,41.94,0,0,1759,1710,1687,0,0
5144,L2 AFB - Estação Acari Fazenda Botafogo - Metrô,1456,3,7.9,4.96,15111.7,37.19,0,0,1728,1689,1727,0,0
5098,100D - Niterói - Candelária,1706,12,10.4,6.09,21959.55,41.42,0,0,1732,1732,1633,1,0
5090,423 - SÃO GONÇALO X VILA IZABEL,1690,48,15.95,7.42,43395.2,53.45,0,0,1684,1768,1638,0,0
5036,167014 - PRAÇA DA BANDEIRA - CENTRAL,1190,11,12.55,7.62,24817.0,39.27,0,0,1708,1670,1658,0,0
5030,R3MQA - ESTAÇÃO MESQUITA - SUPERVIA,1601,3,7.6,4.56,15289.4,39.99,0,0,1724,1673,1633,0,0
5021,R3EPS - ESTAÇÃO EDSON PASSOS - SUPERVIA,1541,3,7.6,4.81,14014.6,36.73,0,0,1687,1674,1660,0,0
4990,28 - VARIANTE - OLAVO BILAC,1262,17,5.0,3.48,7590.8,30.42,0,0,1634,1632,1724,0,0
4972,R5SAR - ESTAÇÃO SARACURUNA - SUPERVIA,1674,7,7.6,4.91,13384.8,35.42,0,0,1612,1686,1674,0,0
4906,443MA - NITEROI X BOA VISTA,1349,14,7.1,5.43,8179.0,23.48,0,0,1674,1636,1596,0,0
4899,400T - BELFORD ROXO X BARRA DA TIJUCA,1599,17,14.25,6.73,36850.85,52.79,0,0,1662,1654,1583,0,0
4876,703A - SANTA ROSA - VILA ISABEL,1605,17,14.25,7.31,33838.4,48.7,0,0,1758,1668,1450,0,0
4824,561 - SÃO GONÇALO X VILA ISABEL (VIA PPCS),1657,11,18.39,7.2,53996.2,60.76,0,0,1638,1590,1596,0,0
4800,617 - CHARITAS - AEROPORTO INTERNACIONAL,1741,22,14.25,6.76,35938.2,52.54,0,0,1630,1694,1476,0,0
4762,117 - CENTRAL - COSME VELHO,1703,7,5.0,3.24,8376.3,35.18,0,0,1510,1641,1611,0,0
4740,535 - ALCÂNTARA X ESTÁCIO,1612,36,15.95,7.4,40522.1,53.6,0,0,1589,1553,1598,0,0
4732,526 - NOVA CAMPINA X CENTRAL,1715,11,16.17,6.93,43723.55,57.03,0,0,1595,1657,1478,2,0
4727,429 - QUEIMADOS - CAXIAS,1418,21,6.7,4.74,9244.35,29.19,0,0,1590,1530,1607,0,0
4698,561L - DUQUE DE CAXIAS - FREGUESIA,1405,54,11.7,6.65,23721.2,43.16,0,0,1500,1580,1617,1,0
4697,124B - NILOPOLIS - PASSEIO ( VIA PARADA DE LUCAS),1155,14,15.1,7.21,37078.5,52.28,0,0,1573,1573,1551,0,0
4650,489M - NITERÓI - APOLO III ( VIA BR-101 ),1540,39,9.1,6.51,12033.7,28.44,0,0,1513,1588,1549,0,0
4637,548 - NITEROI X MARICA (VIA TRIBOBO),1767,12,15.47,7.83,35396.4,49.28,0,0,1637,1342,1658,0,0
4632,128016 - J. BOTÂNICO - CASCADURA (P.BAND),1369,21,6.7,5.4,6008.2,19.36,0,0,1532,1635,1465,0,0
4628,L1 POZ - Estação Praça Onze - Metrô,1567,8,7.9,4.13,17434.7,47.69,0,0,1573,1562,1493,0,0
4614,420T - MESQUITA - NILOPOLIS X BARRA DA TIJUCA,1494,12,15.1,7.77,33825.45,48.55,0,0,1564,1692,1358,0,0
4579,532 - SARACURUNA X CENTRAL,1579,14,16.16,6.91,42364.55,57.11,0,0,1607,1492,1480,0,0
4532,749L - MORRO AGUDO - PAVUNA (VIA LIGTH),1587,24,6.7,5.26,6522.25,21.48,0,0,1481,1556,1495,0,0
4509,560L - DUQUE DE CAXIAS - MÉIER (VIA JOSÉ DOS REIS),1322,47,6.7,4.74,8859.5,29.33,0,0,1506,1548,1455,0,0
4492,R5CT8 - CORTE 8,1445,5,7.6,4.32,14726.4,43.14,0,0,1476,1569,1447,0,0
4485,491M - NITERÓI - SANTA LUZIA ( VIA BR-101 ),1487,35,9.1,7.1,8989.75,22.03,0,0,1520,1623,1342,0,0
4464,2425D - Alcântara - Campo Grande (via Vila Militar),1570,24,20.25,6.79,60092.6,66.48,0,0,1530,1484,1450,0,0
4448,421 - MIGUEL COUTO X PAVUNA,1403,24,6.7,5.05,7331.3,24.6,0,0,1501,1511,1436,0,0
4443,726 - ESTRADA DAS PEDRINHAS - SARAPUI,1319,24,6.7,4.36,10399.35,34.93,0,0,1364,1584,1495,0,0
4440,447 - VALE DAS MANGUEIRAS (VIA PARQ) - DUQUE DE CAX,1185,17,6.7,4.56,9498.4,31.93,0,0,1524,1431,1485,0,0
4415,489 - DUQUE DE CAXIAS - PRAÇA SAENS PEÑA (VIA PRAÇA DAS NAÇÕES),1318,14,11.7,6.72,21979.05,42.55,0,0,1430,1472,1513,0,0
4405,3409M - Niterói - Trindade (via BR-101),1389,31,7.1,5.25,8159.8,26.09,0,0,1435,1499,1471,0,0
4393,45 - CUBANGO - CENTRO,1635,21,5.6,0.99,20272.0,82.4,0,0,1481,1491,1421,0,0
4383,522 - MAGE X CENTRAL,1836,10,21.88,7.07,64910.55,67.6,0,0,1298,1434,1651,0,0
4382,LINHA3 - CENTRAL - SANTOS DUMONT,1587,137,5.0,3.9,4821.15,22.0,0,0,1891,1390,1101,0,0
4381,R5BCO - ESTAÇÃO BONSUCESSO - SUPERVIA,1518,4,7.6,4.87,11962.3,35.93,0,0,1500,1549,1332,0,0
4374,570DA - SANTA ROSA - PASSEIO,1662,16,11.7,6.71,21828.05,42.65,0,0,1546,1467,1361,0,0
4359,1522B - CENTRAL - PQ. SAO VICENTE,1361,10,14.25,7.41,29816.0,48.0,0,0,1496,1378,1485,0,0
4355,449 - AMAPA - DUQUE DE CAXIAS,1318,24,6.7,4.68,8797.3,30.15,0,0,1481,1448,1426,0,0
4289,4144R - NITEROI - ITAIPUACU TA,1654,37,14.25,7.65,28288.6,46.29,0,0,1508,1511,1270,0,0
4277,407T - NOVA IGUAÇU X RECREIO (VIA TRANSOLÍMPICA),1421,14,15.95,7.03,38171.4,55.96,0,0,1448,1436,1393,0,0
4274,04 - VÁRZEA DAS MOÇAS - MARAMBAIA,1459,48,5.55,3.39,9237.2,38.94,0,0,1380,1475,1419,0,0
4267,2100D - Niterói - Castelo,1399,9,10.4,5.62,20390.9,45.95,0,0,1457,1442,1368,0,0
4238,128004 - N. IGUAÇU - CAXIAS (V.TELES),1348,23,6.7,4.72,8410.9,29.62,0,0,1470,1464,1304,0,0
4222,15I - CAXIAS - PANTANAL (VIA SAO BENTO),1206,15,5.0,3.6,5894.6,27.92,0,0,1514,1316,1392,0,0
4221,33 - JURUJUBA - CENTRO,1668,38,5.6,1.16,18742.95,79.29,0,0,1445,1349,1427,0,0
4216,110414 - JD. METROPOLES X CAXIAS,1102,17,6.7,4.24,10359.5,36.67,0,0,1432,1418,1366,0,0
4208,17 - VARIANTE X PERIQUITO,1242,24,5.0,3.43,6616.9,31.45,0,0,1497,1377,1334,0,0
4207,501 - PRAÇA BOM PASTOR - DUQUE DE CAXIAS,1093,17,6.7,4.67,8553.7,30.35,0,0,1484,1368,1355,0,0
4204,541 - NOVA IGUAÇU - CASCADURA,1372,23,6.7,4.86,7755.55,27.53,0,0,1359,1418,1427,0,0
4197,R2CMS - ESTAÇÃO COSMOS - SUPERVIA,1280,3,7.6,5.0,10910.4,34.2,0,0,1412,1439,1346,0,0
4195,528 - PIABETÁ X CENTRAL (VIA IMBARIÊ),1760,8,16.22,6.95,38901.2,57.06,0,0,1412,1394,1389,0,0
4189,R2SCA - ESTAÇÃO SENADOR CAMARÁ - SUPERVIA,1199,3,7.6,5.0,10908.8,34.26,0,0,1388,1411,1390,0,0
4189,LCD137 - CENTRAL - LEBLON,1846,48,5.0,3.2,7539.8,36.0,0,0,1118,1698,1373,0,0
4161,532M - Alcântara - Niterói (via Dr. March),1618,23,7.1,5.1,8328.35,28.19,0,0,1374,1406,1381,0,0
4143,129B - NILOPOLIS - CENTRAL (V. NORMA),1230,12,15.1,7.39,31928.45,51.04,0,0,1462,1392,1289,0,0
4128,122B - C. SOARES - CENTRAL,1408,23,14.25,7.45,28067.5,47.72,0,0,1393,1353,1380,2,0
4120,527 - PARQUE SAO VICENTE X CENTRAL,1453,12,15.25,7.04,33819.35,53.67,0,0,1289,1419,1410,2,0
4110,537R - ITAIPU - NITEROI SA,1437,36,9.1,6.01,12681.6,33.91,0,0,1403,1361,1346,0,0
3996,533 - SARGENTO RONCALI X CENTRAL (VIA PARQUE SÃO VICENTE),1418,10,15.22,7.24,31879.1,52.25,0,0,1295,1423,1272,6,0
3988,R2IBA - ESTAÇÃO INHOAÍBA - SUPERVIA,1265,2,7.6,5.0,10377.2,34.24,0,0,1372,1330,1286,0,0
3976,101C - DUQUE DE CAXIAS - CENTRAL (VIA VIGÁRIO GERAL),1296,46,10.4,6.95,13729.6,33.21,0,0,1340,1410,1226,0,0
3965,232 - PRACA XV - LINS,1520,43,5.0,3.01,7894.15,39.82,0,0,1392,1322,1251,0,0
3946,15 - DUQUE DE CAXIAS - PANTANAL,1205,18,5.0,3.4,6314.0,32.0,0,0,1261,1378,1305,2,0
3821,53 - SANTA ROSA - CENTRO,1430,19,5.6,1.19,16864.8,78.82,0,0,1263,1335,1223,0,0
3793,520I - QUEIMADOS - CABUÇU,1079,18,6.7,4.37,8828.3,34.74,0,0,1254,1262,1277,0,0
3791,L1 AFP - Estação Afonso Pena - Metrô,1622,2,7.9,5.05,10814.7,36.11,0,0,1238,1260,1293,0,0
3770,141C - DUQUE DE CAXIAS - NITERÓI ( VIA PPCS ),1412,16,15.95,6.39,36033.5,59.93,0,0,1309,1265,1191,5,0
3759,202 - RIO COMPRIDO - PRACA XV (CIRCULAR),1224,23,5.0,3.8,4516.5,24.03,0,0,1283,1274,1202,0,0
3750,425D - Alcântara - Campo Grande (via Vila Militar),1485,20,20.25,6.81,50416.15,66.39,0,0,1326,1239,1185,0,0
3727,562L - DUQUE DE CAXIAS - FREGUESIA(VIA ROCHA MIRANDA E PAU-FERRO),1215,49,11.7,6.6,19016.6,43.61,0,0,1315,1199,1213,0,0
3687,49-2 - CIRCULAR VIA D LIMA CASTRO,1413,29,5.6,0.87,17435.3,84.44,0,0,1173,1248,1265,1,0
3662,557 - SAO GONÇALO X PASSEIO,1468,10,18.42,7.21,41038.65,60.77,0,0,1199,1203,1260,0,0
3659,431I - NILOPOLIS - NOVA IGUAÇU,1089,26,6.7,4.57,7807.45,31.85,0,0,1295,1240,1124,0,0
3654,128025 - PAVUNA - J.BOM PASTOR,1178,9,6.7,5.06,5974.5,24.4,0,0,1213,1252,1189,0,0
3634,4146D - ITAIPUACU - CASTELO TA,1490,38,20.25,7.12,47696.75,64.82,0,0,1218,1237,1179,0,0
3620,809 - CHARITAS-GAVEA V.LAPA URB,1684,22,14.25,7.26,25290.25,49.03,0,0,1245,1253,1122,0,0
3594,R1RCO - ESTAÇÃO RIACHUELO - SUPERVIA,1098,2,7.6,5.0,9343.8,34.21,0,0,1249,1156,1189,0,0
3583,113C - DUQUE DE CAXIAS - CIDADE UNIVERSITÁRIA,1156,39,10.4,6.59,13640.8,36.61,0,0,1236,1248,1099,0,0
3571,131I - NOVA IGUAÇU - CAXIAS (VIA LIGHT),1047,10,7.7,4.66,10844.1,39.44,0,0,1462,1385,724,0,0
3551,R5TGM - TRIAGEM,1155,3,7.6,4.95,9405.3,34.85,0,0,1207,1198,1146,0,0
3545,402 - NOVA IGUAÇU - VILA DE CAVA (VIA M. COUTO),1377,15,5.95,4.21,6161.55,29.21,0,0,1145,1278,1122,0,0
3543,133003 - CABUÇU - CENTRAL,1218,13,14.25,7.44,24125.05,47.79,0,0,1226,1196,1121,0,0
3541,430M - CABUÇU - NITERÓI,1215,33,9.1,6.44,9421.55,29.24,0,0,1151,1165,1225,0,0
3535,471C - SARACURUNA - PASSEIO,1262,25,15.1,7.58,26583.1,49.8,0,0,1229,1163,1143,0,0
3504,118B - NOVA IGUAÇU - PRAÇA XV,1228,21,14.25,7.3,24357.85,48.79,0,0,1220,1167,1117,0,0
3502,486 - XEREM X PASSEIO (CENTRAL),1557,18,15.1,6.89,28734.2,54.34,0,0,1064,1284,1154,0,0
3501,128029 - NILOPÓLIS - PAVUNA (TOMAZINHO),996,16,6.7,5.11,5576.8,23.78,0,0,1193,1157,1151,0,0
3494,171001 - D. DE CAXIAS - S. J. DE MERITI( VIA V. VELHA),1013,11,6.7,4.78,6705.65,28.64,0,0,1125,1200,1169,0,0
3470,544 - NOVA IGUAÇU - MEIER (N. SHOPPING),1334,34,6.7,4.67,7032.2,30.25,0,0,1192,1155,1123,0,0
3454,R3RAE - ESTAÇÃO RICARDO DE ALBUQUERQUE - SUPERVIA,1190,4,7.6,4.9,9315.6,35.49,0,0,1138,1209,1107,0,0
3378,556C - JARDIM DO YPE - CENTRAL (VIA W. LUIZ),1203,23,15.1,7.23,26597.0,52.14,0,0,1148,1137,1093,0,0
3372,416T - DUQUE DE CAXIAS - BARRA DA TIJUCA (RAPIDO),1535,10,11.7,6.66,17006.7,43.11,0,0,1014,1015,1343,0,0
3366,114417 - PQ. SAO JOSE X PCA MAUA,1131,18,14.25,7.67,22154.35,46.19,0,0,1126,1193,1047,0,0
3334,46 - CAXIAS X ILHA,1245,27,5.27,3.57,5664.0,32.18,0,0,1082,1102,1150,0,0
3315,529MA - NITEROI X CEASA (VIA BARRO VERMELHO),1177,10,7.1,5.18,6349.6,26.98,0,0,1111,1100,1104,0,0
3281,133002 - SANTA SOFIA - CENTRAL,1198,14,15.95,7.26,28506.35,54.47,0,0,1104,1112,1065,0,0
3256,564L - DUQUE DE CAXIAS - VICENTE DE CARVALHO,993,19,6.7,5.06,5337.55,24.47,0,0,1058,1060,1138,0,0
3231,2005 - NOVA IGUAÇU - RIACHÃO,975,20,5.95,4.52,4609.95,23.98,0,0,1041,1216,974,0,0
3197,665 - PAVUNA X SAENS PENA(VIA PASTOR M. LUTHER KING JR.),1027,77,5.0,3.22,5700.6,35.66,0,0,1145,1066,986,0,0
3157,9721D - BOTAFOGO - SANTA ISABEL,1372,25,17.1,7.84,29232.75,54.15,0,0,1209,1062,886,0,0
3133,PXV-CHT - PRAÇAXV - CHARITAS,1062,12,7.7,4.85,8921.35,36.98,0,0,1111,1065,957,0,0
3131,565I - ENG. PEDREIRA - QUEIMADOS,1055,16,6.7,5.21,4660.85,22.22,0,0,1059,1008,1064,0,0
3120,R2RLO - ESTAÇÃO REALENGO - SUPERVIA,1125,3,7.6,4.99,8153.8,34.39,0,0,1068,1053,999,0,0
3107,R5JPA - ESTAÇÃO JARDIM PRIMAVERA - SUPERVIA,1200,3,7.6,4.94,8268.9,35.02,0,0,1026,1037,1044,0,0
3104,2001 - NOVA IGUAÇU - CABUÇU,1109,19,5.95,4.47,4585.4,24.83,0,0,1059,1013,1032,0,0
3059,12 - BAR DOS CAVALEIROS X 21 DE ABRIL,1104,15,5.0,3.3,5202.7,34.02,0,0,1125,983,951,0,0
3058,R1MHS - ESTAÇÃO MARECHAL HERMES - SUPERVIA,1196,3,7.6,4.96,8058.3,34.67,0,0,1040,1041,977,0,0
3054,128037 - PAVUNA-SGT RONCALI (V.PAULINE),1082,13,6.7,5.1,4871.15,23.81,0,0,1004,1038,1012,0,0
3046,LECD129 - TERMINAL ALVORADA - CENTRAL DO BRASIL,1549,23,5.0,3.45,4728.8,31.05,0,0,1187,865,994,0,0
3041,520DA - J. ALCÂNTARA X ESTÁCIO (V. DR MARCH),1299,7,15.95,7.12,26846.65,55.35,0,0,1084,1032,925,0,0
3041,111C - DUQUE DE CAXIAS - CENTRAL (VIA VIGÁRIO GERAL),1193,40,10.4,4.83,16947.5,53.59,0,0,936,1024,1081,0,0
3015,1 - CAXIAS X XEREM,1190,25,5.26,3.47,5396.9,33.93,0,0,1034,968,1013,0,0
3000,110464 - ANDORINHAS X CENTRAL,1257,15,20.25,7.41,38521.4,63.41,0,0,923,1021,1056,0,0
2995,728D - SANTA ISABEL - CANDELÁRIA,1452,13,17.1,7.28,29412.5,57.43,0,0,1029,995,971,0,0
2993,571 - N. CAMPINAS X CENTRAL,1393,15,15.1,7.18,23716.5,52.48,0,0,969,979,1045,0,0
2974,R3PJO - ESTAÇÃO JUSCELINO - SUPERVIA,1105,2,7.6,4.55,9061.6,40.09,0,0,983,1014,977,0,0
2955,B01TDB2 - Terminal Deodoro - Transbrasil,1225,16,5.0,3.41,4710.0,31.88,0,0,1012,1011,932,0,0
2923,494 - DUQUE DE CAXIAS X PILARES (VIA CIDADE ALTA),1109,24,6.7,4.5,6421.4,32.79,0,0,1084,925,914,0,0
2895,519M - FAZENDA DOS MINEIROS - NITERÓI ( VIA BR-101 ),1047,17,7.1,5.51,4592.85,22.34,0,0,974,1095,826,0,0
2894,2002 - NOVA IGUAÇU - KM 32,1133,18,5.95,4.37,4566.7,26.52,0,0,961,924,1009,0,0
2892,536 - XEREM X CENTRAL,1208,7,16.16,7.03,26406.0,56.42,0,0,1005,1003,884,0,0
2866,531 - RAIZ DA SERRA X CENTRAL,1374,5,16.19,7.02,26282.65,56.56,0,0,940,1001,925,0,0
2822,5400M - Niterói - Nova Cidade (via BR-101),1072,21,7.1,5.1,5633.45,28.12,0,0,927,986,909,0,0
2821,167017 - SAO JOAO DE MERITI X BARRA DA TIJUCA,1135,7,14.25,7.86,18038.55,44.88,0,0,977,960,884,0,0
2818,133024 - CABUÇU - COELHO NETO,1042,12,7.7,5.76,5453.35,25.13,0,0,966,909,943,0,0
2796,117 - CENTRAL X COSME VELHO,1355,3,5.0,3.32,4686.8,33.53,0,0,925,1014,857,0,0
2786,422 - GRAJAU - COSME VELHO,1331,27,5.0,3.35,4597.45,33.0,0,0,978,928,880,0,0
2785,606 - RODOVIARIA - ENGENHO DE DENTRO,1274,47,5.0,2.6,6693.5,48.07,0,0,928,912,945,0,0
2768,400T - BELFORD ROXO - BARRA DA TIJUCA,1221,10,14.25,6.37,21810.8,55.3,0,0,874,898,996,0,0
2766,865 - CHARITAS - GALEAO AC,1069,15,14.25,6.84,20500.35,52.01,0,0,956,1014,796,0,0
2763,1004 - NOVA IGUAÇU - MIGUEL COUTO,991,28,5.95,4.13,5039.8,30.66,0,0,971,920,872,0,0
2756,128027 - PAVUNA - STA. TEREZA,978,8,6.7,5.23,4042.7,21.89,0,0,894,935,927,0,0
2743,702B - AUSTIN X MERCADO SAO SEBASTIAO,1118,17,6.7,4.72,5443.45,29.62,0,0,980,899,864,0,0
2735,R1ENO - ESTAÇÃO ENGENHO NOVO - SUPERVIA,1057,2,7.6,4.92,7326.4,35.25,0,0,909,919,907,0,0
2734,519 - GUAPIMIRIM X CENTRAL,1360,7,21.85,7.34,39666.25,66.31,0,0,919,870,945,0,0
2725,508 - AUSTIN X CENTRAL (VIA TIO LUIZ),1025,7,15.23,6.85,22828.8,54.92,0,0,916,948,861,0,0
2725,491P - AUSTIN - CENTRAL,1171,31,14.25,7.29,18971.9,48.86,0,0,907,899,919,0,0
2718,110417 - VILAR DOS TELES X CENTRAL,1113,23,12.55,7.73,13088.85,38.37,0,0,794,780,1144,0,0
2708,415T-MV - BARRA DA TIJUCA - MAGÉ,1279,17,20.25,6.73,36607.9,66.76,0,0,795,979,934,0,0
2692,2009 - NOVA IGUAÇU - LAGOINHA,1105,15,5.95,4.45,4036.85,25.2,0,0,882,916,894,0,0
2679,517 - MARICA X CASTELO,1302,8,22.01,7.4,39157.45,66.36,0,0,928,810,941,0,0
2667,R2STO - ESTAÇÃO SANTÍSSIMO - SUPERVIA,938,2,7.6,4.95,7062.0,34.84,0,0,920,897,850,0,0
2660,"3461C - CENTRAL - PIABETA (VIA IMBARIE) ""A""",1459,18,15.1,7.01,21511.95,53.56,0,0,892,925,843,0,0
2660,LCD128 - TERMINAL GENTILEZA - ALTO DA GAVEA,1177,14,5.0,1.21,10080.1,75.79,0,0,862,933,865,0,0
2652,56 - NEVES - ALCÂNTARA,1018,14,5.55,3.14,6399.15,43.48,0,0,902,889,861,0,0
2648,547P - JARDIM PARAISO - SEPETIBA,915,12,7.7,5.36,6197.35,30.39,0,0,886,911,851,0,0
2622,403M - NITERÓI - TRINDADE ( VIA PORTO VELHO ),1257,26,7.1,5.34,4606.0,24.74,0,0,777,941,904,0,0
2615,461 - S.CRISTOVAO - IPANEMA (V.TUNEL REBOUCAS) (CIRC.),1143,22,5.0,3.08,5033.7,38.5,0,0,828,917,870,0,0
2588,705P - EDSON PASSOS - BANGU,1159,24,7.7,4.73,7686.1,38.57,0,0,839,978,771,0,0
2584,B22TGE2 - TERMINAL GENTILEZA,1154,19,5.0,1.6,8793.0,68.06,0,0,896,852,836,0,0
2581,133028 - ITAGUAÍ X COELHO NETO,1037,16,7.7,5.54,5575.4,28.06,0,0,937,893,751,0,0
2578,404 I - DUQUE DE CAXIAS X PIABETÁ (VIA MARACANÃ),1291,13,11.08,6.77,11124.25,39.08,0,0,822,960,796,0,0
2565,167002 - CENTRAL - VILA TIRADENTES,925,9,12.55,7.88,11965.95,37.17,0,0,891,818,856,0,0
2561,541R - NITERÓI X JÓQUEI (ARSENAL),1062,32,7.1,5.37,4438.8,24.41,0,0,855,850,856,0,0
2558,110465 - ANDORINHAS X CAXIAS,1193,16,11.73,5.84,15073.6,48.71,0,0,832,876,849,1,0
2547,133012 - CAMPO GRANDE - SANTA SOFIA,1040,29,7.7,5.4,5845.65,29.81,0,0,870,815,862,0,0
2536,524 - MIGUEL COUTO X CENTRAL (VIA LUIS LEMOS),1056,8,15.26,6.81,21438.05,55.25,0,0,801,862,872,1,0
2533,MB22 - ALCÂNTARA - TANGUÁ,1109,29,7.1,4.75,5956.85,33.12,0,0,880,892,761,0,0
2523,111418 - JD. REDENTOR X MAUA,927,19,14.25,7.95,15898.55,44.22,0,0,839,822,862,0,0
2516,2008 - NOVA IGUAÇU - BAIRRO ALIANÇA,982,12,5.95,4.47,3715.15,24.82,0,0,834,848,834,0,0
2514,R1PBA - ESTAÇÃO PRAÇA DA BANDEIRA - SUPERVIA,959,4,7.6,4.85,6906.9,36.15,0,0,861,836,817,0,0
2499,107 - CENTRAL X URCA,1109,15,5.0,2.81,5465.55,43.74,0,0,809,884,806,0,0
2491,716L - SANTA RITA - PAVUNA,1172,15,6.7,4.67,5059.9,30.32,0,0,1088,857,546,0,0
2484,423M - Niterói - Portão do Rosa (via BR-101),872,24,7.1,5.5,3967.4,22.49,0,0,857,815,812,0,0
2478,512 - CAXIAS X PARADA ANGELICA,1105,18,6.96,4.67,5681.0,32.74,0,0,791,840,847,0,0
2477,590M - Niterói - Amendoeiras (via Tribobó),816,12,9.1,6.49,6473.85,28.72,0,0,827,832,818,0,0
2462,R3OLA - ESTAÇÃO OLINDA - SUPERVIA,931,2,7.6,4.77,6969.3,37.25,0,0,849,811,802,0,0
2461,401 - NOVA IGUAÇU - MIGUEL COUTO ( VIA LUIZ LEMOS),1066,9,5.95,4.44,3709.95,25.34,0,0,804,833,824,0,0
2430,707 - MIGUEL COUTO X OLINDA,1026,17,6.7,4.36,5688.9,34.94,0,0,813,829,788,0,0
2421,134B - NOVA IGUAÇU - VILA ISABEL,1056,18,14.25,7.58,16152.5,46.82,0,0,842,795,784,0,0
2413,53 - FORUM - CALABOCA,1215,37,5.55,3.46,5035.95,37.6,0,0,817,809,787,0,0
2397,757M - ALCÂNTARA - VENDA DAS PEDRAS,1089,28,7.1,4.89,5286.4,31.06,0,0,814,725,858,0,0
2390,R2MBS - ESTAÇÃO MAGALHÃES BASTOS - SUPERVIA,907,2,7.6,4.86,6551.7,36.07,0,0,803,792,795,0,0
2383,128041 - DUQUE DE CAXIAS - NILÓPOLIS,921,14,7.7,5.39,5496.35,29.96,0,0,787,800,796,0,0
2376,155I - NOVA IGUAÇU - QUEIMADOS (VIA CAMORIM),974,15,6.7,4.49,5257.75,33.03,0,0,820,724,832,0,0
2371,709A - CHARITAS - CASTELO,1245,13,11.7,6.72,11807.2,42.56,0,0,763,773,835,0,0
2369,LCD133 - SÃO CRISTÓVÃO - LEBLON,991,22,5.0,4.69,732.8,6.19,0,0,784,863,722,0,0
2366,455 - MEIER - COPACABANA (VIA PARQUE DO FLAMENGO),1267,24,5.0,3.57,3389.75,28.65,0,0,782,818,766,0,0
2339,499P - CABUÇÚ - CENTRAL,1089,38,14.25,7.45,15916.35,47.76,0,0,769,801,769,0,0
2339,128017 - VILA NORMA - CASCADURA,988,12,6.7,5.2,3512.3,22.41,0,0,793,775,771,0,0
2336,LCD130 - TERMINAL GENTILEZA - LEBLON,1026,15,5.0,0.72,9988.8,85.52,0,0,762,820,754,0,0
2336,540R - JOQUEI - NITEROI SA,1048,33,7.1,5.26,4301.95,25.94,0,0,744,782,810,0,0
2332,409M - Alcântara - Niterói (via Trindade),1225,27,7.1,5.0,4900.8,29.6,0,0,755,843,734,0,0
2321,23MDK - DUQUE DE CAXIAS - IMBARIÊ,1099,19,5.18,3.55,3785.5,31.7,0,0,730,796,795,0,0
2312,750R - ITAIPUAÇU X ALCÂNTARA,1014,9,14.25,7.28,16104.45,48.88,0,0,806,759,747,0,0
2308,1 - SANTA IZABEL - FORUM,1107,33,5.55,3.44,4872.6,38.04,0,0,777,741,790,0,0
2303,492 - DUQUE DE CAXIAS X ENGENHO DA RAINHA,891,10,6.7,4.84,4279.5,27.73,0,0,671,745,887,0,0
2292,2520VTA - JARDIM ALCANTARA - ESTACIO,1060,5,15.95,7.29,19854.75,54.31,0,0,753,802,737,0,0
2282,740D - CHARITAS - IPANEMA,1242,6,14.25,6.3,18139.05,55.78,0,0,809,727,746,0,0
2276,495L - DUQUE DE CAXIAS X PENHA,886,11,6.7,4.6,4774.8,31.31,0,0,734,774,768,0,0
2237,167004 - CENTRAL - EDEN,785,7,12.55,7.91,10387.25,37.0,0,0,769,721,747,0,0
2235,R2GSA - ESTAÇÃO GUILHERME DA SILVEIRA - SUPERVIA,856,3,7.6,4.99,5822.5,34.28,0,0,757,773,705,0,0
2230,837 - CHARITAS-GAVEA V LAPA,1177,13,14.25,6.95,16269.6,51.2,0,0,726,850,654,0,0
2216,737 - BELFORD ROXO - DEODORO,986,11,6.7,4.81,4197.9,28.27,0,0,758,788,670,0,0
2200,599I - MIGUEL COUTO X PAVUNA,976,11,6.7,4.51,4820.6,32.7,0,0,712,776,712,0,0
2200,566D - MANILHA - CANDELÁRIA ( VIA PPCS ),1161,14,17.1,7.69,20703.85,55.03,0,0,676,866,658,0,0
2163,R2AVS - ESTAÇÃO AUGUSTO VASCONCELOS - SUPERVIA,872,2,7.6,4.98,5660.2,34.43,0,0,710,751,702,0,0
2163,C26MAD2 - TERMINAL MADUREIRA - PAULO DA PORTELA,996,12,5.0,3.87,2437.4,22.54,0,0,719,747,697,0,0
2145,2146A - MARICA X CASTELO TA (VIA CENTRO),1245,36,20.25,8.58,25042.5,57.65,0,0,713,751,681,0,0
2145,R1SFX - ESTAÇÃO SÃO FRANCISCO XAVIER - SUPERVIA,828,3,7.6,4.99,5597.5,34.34,0,0,716,723,706,0,0
2141,525 - NOVA AURORA X CENTRAL (VIA HELIÓPOLIS),908,5,15.24,7.23,17148.7,52.4,0,0,717,721,703,0,0
2139,R3ATA - ESTAÇÃO ANCHIETA - SUPERVIA,866,2,7.6,4.92,5735.8,35.28,0,0,746,719,674,0,0
2136,450TDK - NOVA IGUACU X ITACURUCA (VIA AV. BRASIL),944,12,11.38,6.24,10975.95,42.55,0,0,720,737,679,0,0
2136,534 - TAQUARA X CENTRAL (VIA PARADA ANGÉLICA),1114,4,16.16,6.82,19944.95,57.71,0,0,759,694,683,0,0
2132,R5PHA - ESTAÇÃO PENHA - SUPERVIA,937,2,7.6,4.76,6045.2,37.31,0,0,720,716,696,0,0
2121,431C - DUQUE DE CAXIAS - MARCÍLIO DIAS (VIA MERCADO SÃO SEBASTIÃO),782,15,6.7,4.94,3723.6,26.2,0,0,736,669,716,0,0
2117,R2PML - ESTAÇÃO PADRE MIGUEL - SUPERVIA,775,3,7.6,4.99,5518.9,34.3,0,0,692,732,693,0,0
2114,15 - JOCKEY - FÓRUM,1051,23,5.55,3.54,4241.3,36.15,0,0,676,684,754,0,0
2112,R1PIE - ESTAÇÃO PIEDADE - SUPERVIA,845,3,7.6,5.0,5484.4,34.17,0,0,717,726,669,0,0
2107,R1BRO - ESTAÇÃO BENTO RIBEIRO - SUPERVIA,825,4,7.6,5.0,5477.5,34.21,0,0,710,710,687,0,0
2107,R2TNS - ESTAÇÃO TANCREDO NEVES - SUPERVIA,814,2,7.6,4.97,5545.2,34.63,0,0,718,665,724,0,0
2066,423 - TINGUA X PAVUNA,1043,15,6.7,4.88,3762.55,27.18,0,0,692,767,607,0,0
2064,302 - RODOVIARIA - RECREIO DOS BANDEIRANTES (VIA AV. SERNAMBETIBA),1014,41,5.0,1.55,7115.8,68.95,0,0,676,711,677,0,0
2045,L2 TCL - Estação Thomaz Coelho - Metrô,763,3,7.9,5.01,5916.0,36.62,0,0,686,687,672,0,0
2034,426M - ITAMBI - NITERÓI ( VIA BR-101 ),904,13,14.66,7.21,15148.85,51.4,0,0,692,687,655,0,0
2027,488P - BOA ESPERANÇA - CENTRAL,949,19,14.25,7.17,14346.05,49.67,0,0,713,677,637,0,0
2025,205 - N.IGUACUXB.ROXO (PIAM),852,14,6.7,4.16,5146.3,37.93,0,0,690,668,667,0,0
2013,324 - CASTELO - RIBEIRA,998,32,5.0,2.79,4444.8,44.16,0,0,696,728,589,0,0
2008,1009 - NOVA IGUAÇU - CORUMBA,874,24,5.95,4.04,3837.3,32.12,0,0,747,658,603,0,0
2006,568L - DUQUE DE CAXIAS X PRAÇA SECA (VIA VAZ LOBO),945,43,6.7,4.98,3448.0,25.65,0,0,665,627,714,0,0
1997,526B - CENTRAL - ITAIPU,743,7,14.25,7.64,13195.9,46.37,0,0,670,685,642,0,0
1992,36 - SAPE - CENTRO,1033,24,5.6,1.19,8780.5,78.71,0,0,628,696,668,0,0
1986,35 - BALDEDOR - CENTRO,1039,23,5.6,1.11,8918.5,80.19,0,0,674,651,661,0,0
1983,421I - GENECIANO X PAVUNA,990,21,6.7,5.04,3301.6,24.85,0,0,694,625,664,0,0
1980,104C - CAXIAS - PRAÇA MAUÁ (CAIS PORTO\VIGÁRIO GERAL SEM AR),888,15,10.4,6.99,6742.7,32.75,0,0,690,649,641,0,0
1978,493P - PONTO CHIC - CENTRAL,918,11,14.25,7.87,12621.75,44.78,0,0,603,634,741,0,0
1973,119T - DUQUE DE CAXIAS - ITAGUAÍ (VIA BANGU/CAMPO GRANDE),955,30,11.29,6.45,9537.55,41.81,0,0,826,606,541,0,0
1969,500R - MARICÁ X ALCÂNTARA SAC,1020,11,14.25,7.34,13600.45,48.47,0,0,665,658,646,0,0
1969,535 - VILA DE CAVA X CENTRAL,957,7,15.28,6.98,16345.65,54.16,0,0,756,609,604,0,0
1954,530 - GENECIANO X NOVA IGUACU,836,17,6.7,4.13,5013.7,38.3,0,0,720,641,593,0,0
1949,507 - NITEROI X APOLO III (V. JARDIM FLUMINENSE),973,6,9.86,7.83,3951.55,20.57,0,0,683,510,756,0,0
1945,7018 - JARDIM NÓIA X GRANDE RIO ( VIA SHOPPING GRAND,789,14,4.45,3.27,2303.85,26.62,0,0,689,625,631,0,0
1936,437I - NILÓPOLIS - VILAR DOS TELES (VIA TELES),1006,12,6.7,5.43,2460.25,18.97,0,0,701,668,567,0,0
1909,546 - NITEROI X MAGE (VIA ITAMBI),999,5,18.23,7.38,20712.75,59.29,0,0,636,605,668,0,0
1909,901 - NOVA IGUAÇU - TINGUA,871,15,5.95,3.97,3783.75,33.31,0,0,599,696,614,0,0
1895,500R - MARICA - ALCANTARA SAC,940,6,14.25,7.06,13633.6,50.49,0,0,650,640,605,0,0
1888,R1OCZ - ESTAÇÃO OSWALDO CRUZ - SUPERVIA,781,2,7.6,4.99,4932.7,34.38,0,0,633,645,610,0,0
1873,606I - QUEIMADOS - VILAR DOS TELES (VIA DUTRA),812,10,7.7,4.97,5122.25,35.52,0,0,648,598,627,0,0
1871,422M - Niterói - Portão do Rosa,966,15,7.1,5.49,3019.8,22.73,0,0,659,610,602,0,0
1863,02 - QUEIMADOS - JARDIM DA FONTE,672,9,5.0,4.01,1843.5,19.79,0,0,630,636,597,0,0
1860,6146D - CASTELO X ITAIPUAÇU RUA 128 AC,902,21,20.25,7.91,22958.05,60.95,0,0,627,627,606,0,0
1856,2004 - NOVA IGUAÇU - PALHADA,769,15,5.95,4.26,3143.05,28.46,0,0,605,692,559,0,0
1856,483M - JARDIM CATARINA - NITERÓI ( VIA TRIBOBÓ ),990,24,9.1,5.79,6152.0,36.42,0,0,635,614,607,0,0
1850,R1QTO - ESTAÇÃO QUINTINO - SUPERVIA,737,2,7.6,5.0,4804.4,34.17,0,0,616,640,594,0,0
1850,220 - PRACA MAUA - USINA (VIA HADDOCK LOBO),984,17,5.0,2.59,4454.2,48.15,0,0,650,617,583,0,0
1850,518B - CENTRAL - HELIOPOLIS,907,6,14.25,7.44,12595.4,47.78,0,0,672,572,606,0,0
1840,128021 - J.NOVO RIO - CASCADURA,827,7,6.7,5.35,2489.1,20.19,0,0,638,629,573,0,0
1839,128038 - NOVA AURORA - MADUREIRA,894,12,6.7,4.61,3844.95,31.21,0,0,618,617,604,0,0
1838,106P - PARACAMBI - NOVA IGUAÇU,674,10,10.4,6.95,6333.3,33.14,0,0,661,559,618,0,0
1836,161 - IPANEMA - TERMINAL GENTILEZA,896,18,5.0,1.02,7301.9,79.54,0,0,638,588,610,0,0
1835,B02GUA2 - ESTAÇAO GUADALUPE,868,4,5.0,1.15,7067.7,77.03,0,0,633,634,568,0,0
1835,B01TDO2 - Terminal Deodoro - Transolímpica,864,8,5.0,3.98,1876.8,20.46,0,0,613,623,599,0,0
1817,48 - RIO DO OURO - CENTRO,946,46,5.6,0.99,8381.9,82.38,0,0,619,572,626,0,0
1797,R4MMA - ESTAÇÃO MERCADÃO DE MADUREIRA - SUPERVIA,791,2,7.6,4.75,5130.1,37.56,0,0,573,613,611,0,0
1778,112417 - PCA XV X VILAR DOS TELES,843,11,12.55,8.01,8076.0,36.19,0,0,723,721,334,0,0
1769,750A - SANTA ROSA - ESTÁCIO,832,10,11.7,7.7,7074.45,34.18,0,0,612,577,580,0,0
1766,727D - CABUÇU - CANDELÁRIA,717,16,17.1,7.57,16831.5,55.74,0,0,604,589,573,0,0
1758,133001 - ITAGUAI - CENTRAL,819,9,15.95,7.19,15406.0,54.95,0,0,549,605,604,0,0
1755,520B - SÃO FRANCISCO - CENTRAL,748,5,14.25,7.41,12006.9,48.01,0,0,613,594,548,0,0
1751,488M - VISTA ALEGRE - NITERÓI (VIA BOA VISTA DO LARANJAL),802,19,9.1,6.79,4048.8,25.41,0,0,619,561,571,0,0
1741,R2BME - ESTAÇÃO BENJAMIM DO MONTE - SUPERVIA,766,2,7.6,5.0,4521.2,34.17,0,0,604,578,559,0,0
1738,562I - AUSTIN - PAVUNA,876,16,6.7,5.26,2501.35,21.48,0,0,588,583,567,0,0
1729,704P - CAMPO GRANDE - LAGOINHA,730,14,7.7,5.53,3750.9,28.17,0,0,642,550,537,0,0
1727,904T - DUQUE DE CAXIAS - SANTA CRUZ - SAC,785,12,11.7,7.07,7995.2,39.57,0,0,493,601,633,0,0
1725,1931D - SÃO GONÇALO - DUQUE DE CAXIAS (VIA B. CONSTANT/PORTO VELHO),746,15,15.95,7.11,15255.55,55.45,0,0,556,612,557,0,0
1716,432 - NOVA IGUAÇU - BANGU,838,24,6.7,4.62,3572.55,31.07,0,0,594,585,537,0,0
1713,249 - AGUA SANTA - CARIOCA (CIRCULAR),865,36,5.0,2.87,3644.5,42.55,0,0,583,579,551,0,0
1703,R1CDA - ESTAÇÃO CASCADURA - SUPERVIA,737,2,7.6,4.95,4511.2,34.85,0,0,566,581,556,0,0
1702,730-DA - CHARITAS - CASTELO VIA FONSECA,862,14,11.7,6.35,9104.55,45.72,0,0,569,593,540,0,0
1701,B10MSB2 - ESTAÇAO MERCADAO SAO SEBASTIAO,788,3,5.0,0.47,7705.9,90.6,0,0,572,556,573,0,0
1697,710I - QUEIMADOS - PAVUNA,808,5,9.1,5.79,5612.0,36.34,0,0,625,532,540,0,0
1697,728M - ALCÂNTARA - ITAMBI,818,23,7.1,4.69,4089.2,33.94,0,0,574,571,552,0,0
1680,371 - TIRADENTES - PRACA SECA,747,58,5.0,3.16,3095.0,36.85,0,0,527,556,596,1,0
1675,1 - SOARES NEIVA - NILOPOLIS,566,10,5.5,4.22,2140.0,23.23,0,0,594,574,507,0,0
1665,513 - CAXIAS X NOVA CAMPINAS,897,12,6.9,4.36,4232.05,36.74,0,0,594,527,544,0,0
1664,530MA - NITERÓI X COLUBANDE,843,8,7.1,5.04,3420.55,28.95,0,0,638,521,505,0,0
1662,569L - DUQUE DE CAXIAS X MADUREIRA (VIA ROCHA MIRANDA),792,42,6.7,4.97,2882.8,25.89,0,0,551,558,553,0,0
1657,R5CES - ESTAÇÃO CAMPOS ELÍSIOS - SUPERVIA,723,2,7.6,4.91,4456.0,35.38,0,0,551,565,541,0,0
1654,523B - CENTRAL - SGT. RONCALI (VIA PQ.SAO VICENTE),832,5,14.25,7.66,10901.0,46.25,0,0,426,752,476,0,0
1653,2006 - NOVA IGUAÇU - JARDIM LARANJEIRAS,735,9,5.95,5.02,1542.25,15.68,0,0,608,522,523,0,0
1651,OC1 - PIRATININGA X CENTRO (VIA BHLS),843,13,5.6,1.11,7409.45,80.14,0,0,534,547,570,0,0
1648,564T - DUQUE DE CAXIAS - CAMPO GRANDE (VIA PARADA DE LUCAS),809,37,11.7,6.43,8690.3,45.07,0,0,542,538,568,0,0
1642,175I - BELFORD ROXO - QUEIMADOS (VIA DUTRA),742,8,7.7,5.01,4421.55,34.97,0,0,589,479,574,0,0
1640,O10TAV2 - Terminal Alvorada,895,13,5.0,1.48,5767.3,70.33,0,0,527,534,579,0,0
1638,607I - NOVA IGUAÇU - B. PARAÍSO (VIA AUSTIN E GUIM.),770,10,6.7,4.48,3642.7,33.19,0,0,570,561,507,0,0
1637,R5ORA - ESTAÇÃO OLARIA - SUPERVIA,758,2,7.6,4.96,4328.3,34.79,0,0,538,565,534,0,0
1610,558 - PIABETA X PENHA,885,3,16.14,7.18,14436.4,55.41,0,0,530,547,533,0,0
1598,OC2 - ITAIPU X CENTRO - (VIA BHLS),891,26,5.6,2.14,5530.3,61.8,0,0,509,526,563,0,0
1598,509 - CAXIAS X CANGULO (BR 493),828,16,6.92,4.81,3373.2,30.42,0,0,581,507,510,0,0
1589,544P - NILOPOLIS - SEROPEDICA,862,11,7.7,4.81,4589.45,37.51,0,0,548,551,490,0,0
1585,R5RMS - ESTAÇÃO RAMOS - SUPERVIA,699,2,7.6,4.96,4178.7,34.69,0,0,532,542,511,0,0
1581,751L - MORRO AGUDO - PAVUNA (VIA COSMORAMA),828,16,6.7,5.12,2497.75,23.58,0,0,570,488,523,0,0
1568,505 - ALCANTARA X VENDA DAS PEDRAS,807,8,7.61,4.78,4446.55,37.2,0,0,500,523,545,0,0
1562,590 - CHARITAS - GAVEA V.S. BARBARA AC,929,9,14.25,6.69,11809.55,53.06,0,0,697,503,362,0,0
1561,128028 - NILÓPOLIS - PAVUNA (ÉDEN),735,7,6.7,4.79,2973.8,28.43,0,0,514,546,501,0,0
1559,121T - DUQUE DE CAXIAS - ITAGUAÍ,834,29,11.09,6.3,7458.2,40.99,0,0,448,531,580,0,0
1553,R5PCR - ESTAÇÃO PENHA CIRCULAR - SUPERVIA,656,3,7.6,4.88,4221.1,35.76,0,0,554,513,486,0,0
1553,18 - CORREIA MEIER X OLAVO BILAC,714,12,5.0,3.42,2459.4,31.67,0,0,534,538,481,0,0
1550,1413 - NOVA IGUAÇU - TRES FONTES,781,18,5.95,4.38,2436.7,26.42,0,0,534,503,513,0,0
1538,2010 - NOVA IGUAÇU - JARDIM PALMARES,641,9,5.95,4.52,2193.2,23.97,0,0,523,538,477,0,0
1538,645I - QUEIMADOS - ENGº PEDREIRA ( VIA DUTRA),661,6,6.7,5.09,2480.55,24.07,0,0,511,513,514,0,0
1537,67 - CENTRO X MORRO DO CASTRO,742,18,5.6,0.75,7448.0,86.53,0,0,531,515,491,0,0
1527,4144T - TERMINAL ITAIPUAÇU - NITEROI (AC),959,24,14.25,8.06,9454.9,43.45,0,0,502,491,534,0,0
1518,123 - NOVA IGUAÇU - VILA DE CAVA (VIA SANTA RITA),860,13,5.95,4.09,2830.75,31.34,0,0,662,577,279,0,0
1515,110503 - VILA SÃO LUIZ - CENTRAL,622,10,10.4,7.71,4076.5,25.88,0,0,502,508,505,0,0
1515,492P - VILA DE CAVA X CENTRAL,767,27,14.25,7.93,9567.65,44.32,0,0,484,474,557,0,0
1515,2003 - NOVA IGUAÇU - ROSA DOS VENTOS,669,10,5.95,4.38,2384.3,26.45,0,0,533,494,488,0,0
1500,705I - MIGUEL COUTO - EDSON PASSOS (VIA DUTRA),721,6,6.7,4.27,3644.1,36.26,0,0,535,506,459,0,0
1499,328 - CASTELO - BANANAL,850,38,5.0,2.6,3594.2,47.95,0,0,513,513,473,0,0
1498,39A - PIRATININGA - CENTRO (VIA CAFUBA),764,27,5.6,1.16,6643.8,79.2,0,0,525,475,498,0,0
1465,626I - NOVA IGUAÇU-MIGUEL COUTO (VIA BOA ESPERANÇA),727,12,5.95,4.14,2646.35,30.36,0,0,516,512,437,0,0
1465,LINHA1 - TERMINAL INTERMODAL GENTILEZA- AEROPORTO SANTOS DUMONT,800,158,5.0,2.85,3147.2,42.97,0,0,578,541,346,0,0
1453,14 - HOSPITAL INFANTIL - GRAMACHO (V DR. LAUREANO),729,9,5.0,3.41,2305.2,31.73,0,0,444,548,461,0,0
1453,625 - NOVA IGUAÇU - VILA DE CAVA,760,13,5.95,4.08,2720.7,31.47,0,0,494,496,463,0,0
1449,4146T - TERMINAL ITAIPUAÇU - CASTELO (AC),965,20,20.25,7.75,18106.25,61.71,0,0,448,478,523,0,0
1444,412M - NITEROI - JARDIM SAO LOURENÇO (VIA BR-101),696,8,7.1,5.2,2738.65,26.71,0,0,505,520,419,0,0
1443,546 - NOVA IGUAÇU - TAQUARA(V.BRIGADA PARAQUEDISTA),781,17,6.7,4.64,2973.8,30.76,0,0,495,461,487,0,0
1430,47B - CAMPUS DA UFF - VIA MUSEU,910,14,5.6,0.96,6636.6,82.87,0,0,473,598,359,0,0
1424,522B - CENTRAL - PQ. SAO VICENTE,755,5,14.25,7.77,9220.75,45.44,0,0,589,338,497,0,0
1422,480M - NITERÓI - APOLO III ( VIA MARAMBAIA ),890,15,9.1,6.56,3611.8,27.91,0,0,383,497,542,0,0
1420,2533D - Alcântara - Méier (via PPCS),766,9,17.1,6.8,14626.5,60.24,0,0,480,461,479,0,0
1400,696 - MEIER - PRAIA DO DENDE,757,38,5.0,2.55,3432.3,49.03,0,0,493,472,435,0,0
1396,407 - NOVA IGUAÇU - NOVA BRASILIA,750,7,5.95,4.18,2475.5,29.8,0,0,505,405,486,0,0
1394,40 - APOLO III - FAZENDA DOS MINEIROS,803,26,5.55,3.72,2544.85,32.89,0,0,460,526,408,0,0
1390,708I - MIGUEL COUTO X PAVUNA (METRO) VIA DUTRA,693,9,6.7,4.99,2380.1,25.56,0,0,503,418,469,0,0
1390,416M - MANILHA - NITERÓI (VIA NOVO HORIZONTE/PLANALTO DO MARAMBAIA),671,13,10.4,7.82,3587.0,24.82,0,0,450,531,409,0,0
1389,343 - PRACA XV - JOATINGA (VIA LINHA AMARELA),644,42,5.0,2.99,2790.2,40.18,0,0,442,482,465,0,0
1386,640I - QUEIMADOS - ENGº. PEDREIRA,504,8,6.7,4.92,2467.2,26.57,0,0,478,453,455,0,0
1364,551 - NITEROI X PORTAO DO ROSA,561,10,7.6,6.43,1591.45,15.33,0,0,467,448,449,0,0
1356,"1412 - NOVA IGUAÇU - PRAÇA DO BATUTA, VIA GUADALAJAR",703,17,5.95,4.54,1907.5,23.64,0,0,450,481,425,0,0
1352,483 - PENHA - COPACABANA,825,37,5.0,2.35,3576.95,52.91,0,0,448,492,412,0,0
1352,521 - CENTRAL X ITAGUAI,740,6,17.02,7.04,13503.1,58.54,0,0,470,439,443,0,0
1352,R4CRA - ESTAÇÃO COELHO DA ROCHA - SUPERVIA,560,3,7.6,4.84,3729.15,36.29,0,0,460,464,428,0,0
1350,C38PE12 - Estação Penha 1,666,4,5.0,1.87,4231.9,62.69,0,0,447,456,447,0,0
1343,326 - CASTELO - BANCARIOS,789,25,5.0,2.79,2970.8,44.24,0,0,422,490,431,0,0
1341,529 - PRAIA DE MAUA - RIO DE JANEIRO,793,2,21.7,5.03,22352.0,76.79,0,0,456,424,460,1,0
1313,13 - HOSPITAL INFANTIL - GRAMACHO (VIA COPACABANA),687,9,5.0,3.07,2537.2,38.65,0,0,461,410,442,0,0
1297,524B - CENTRAL - NOVA AURORA,706,4,14.25,7.54,8696.4,47.06,0,0,419,470,408,0,0
1295,533D - Alcântara - Méier (via PPCS),751,6,17.1,6.78,13368.2,60.37,0,0,444,434,417,0,0
1294,542R - ANAIA - NITEROI SA,658,31,7.1,4.78,3000.1,32.65,0,0,447,456,391,0,0
1292,R3PCI - ESTAÇÃO PARACAMBI - SUPERVIA,687,2,7.6,4.74,3697.6,37.66,0,0,454,421,417,0,0
1289,568D - ITAMBI - CANDELÁRIA ( VIA PPCS ),732,13,17.1,7.54,12327.75,55.93,0,0,466,420,403,0,0
1287,514 - DUQUE DE CAXIAS X CAMPO GRANDE (VIA EDEN),507,5,12.43,6.85,7181.55,44.71,0,0,443,439,405,0,0
1286,5 - BAIRRO DO CARMO X CENTRO,575,6,5.0,4.19,1040.7,16.19,0,0,439,443,404,0,0
1283,1015 - NOVA IGUAÇU - ADRIANOPOLIS (VIA NOVA BRASILIA,722,14,5.95,4.06,2419.4,31.69,0,0,434,403,446,0,0
1266,472C - ANA CLARA - CENTRAL,639,14,15.1,7.25,9932.8,51.96,0,0,439,469,358,0,0
1258,428 - CABRAL - COMENDADOR SOARES,712,12,6.7,4.75,2451.15,29.08,0,0,444,469,345,0,0
1248,167016 - BOM PASTOR - CENTRAL,518,4,14.25,8.09,7682.1,43.2,0,0,437,417,394,0,0
1248,OC3 - ITAIPU X CENTRO - (VIA PRAIA ICARAÍ),708,24,5.6,1.28,5394.7,77.19,0,0,421,419,408,0,0
1235,505 - CAXIAS X YPIRANGA (VIA SURUI),774,20,10.31,5.46,5987.6,43.59,0,0,382,414,439,0,0
1213,501P - MIGUEL COUTO- CENTRAL ( PARADOR ),649,34,14.25,7.33,8388.2,48.53,0,0,415,398,400,0,0
1197,492M - NITERÓI - JARDIM CATARINA ( VIA BR-101 ),722,10,9.1,5.78,3969.7,36.44,0,0,506,312,379,0,0
1196,44 - ITITIOCA - CENTRO,756,14,5.6,1.29,5155.5,76.98,0,0,382,423,391,0,0
1195,459B - QUEIMADOS - PENHA,632,9,9.1,5.77,3985.25,36.65,0,0,408,382,405,0,0
1194,471 - TAQUARA X CENTRAL (VIA JARDIM ANHANGA),762,10,15.1,7.44,9149.5,50.75,0,0,390,466,338,0,0
1193,128005 - J. BOTÂNICO - CAXIAS,523,6,6.7,4.3,2866.7,35.86,0,0,417,396,380,0,0
1190,523MA - NITEROI X PRAIA PEDRINHAS,702,5,7.1,5.1,2376.6,28.13,0,0,366,407,417,0,0
1180,LECD134 - VILA ISABEL - LEBLON,738,8,5.0,3.74,1492.0,25.29,0,0,403,382,395,0,0
1170,LCD131 - SÃO CONRADO - TERMINAL GENTILEZA,812,9,5.0,3.02,2313.1,39.54,0,0,433,404,333,0,0
1170,488 - BOA ESPERANÇA - CENTRAL,580,11,14.25,8.93,6228.4,37.36,0,0,426,376,368,0,0
1166,445MA - ENGENHO PEQUENO - NITEROI (VIA MENTOR COUTO),551,3,7.1,5.49,1880.65,22.72,0,0,404,386,376,0,0
1157,550M - NITERÓI - SÃO PEDRO,711,12,9.1,6.65,2834.65,26.92,0,0,311,453,393,0,0
1150,329 - BANCARIOS - CASTELO (VIA PRAIA DA ROSA),743,27,5.0,2.37,3019.1,52.51,0,0,392,427,331,0,0
1149,MBG - MIGUEL COUTO X BARAO,575,8,5.95,4.24,1962.75,28.71,0,0,387,383,379,0,0
1142,"1406I - DUQUE DE CAXIAS X PIABETA (VIA BONGABA)  ""A""",674,8,11.7,7.15,5193.9,38.87,0,0,360,405,377,0,0
1137,25 - CAXIAS X P. INDEPENDENCIA (MARACANA),641,20,5.25,3.18,2351.9,39.21,0,0,357,394,386,0,0
1136,406 IDK - DUQUE DE CAXIAS - PIABETA (VIA BONGABA),802,10,11.0,6.4,5231.6,42.05,0,0,408,335,393,0,0
1135,298 - CASTELO - ACARI,679,62,5.0,3.16,2091.75,36.86,0,0,368,407,360,0,0
1134,R1SPO - ESTAÇÃO SAMPAIO - SUPERVIA,520,1,7.6,5.01,2936.8,34.08,0,0,378,372,384,0,0
1132,128042 - DUQUE DE CAXIAS - ITAGUAI (VIA NOVA IGUAÇU),741,15,7.7,4.91,3158.7,36.24,0,0,406,374,352,0,0
1130,R5MGS - ESTAÇÃO MANGUINHOS - SUPERVIA,547,2,7.6,4.98,2959.3,34.46,0,0,384,383,363,0,0
1123,570I - ENG. PEDREIRA - QUEIMADOS (V. STA AMELIA),462,10,6.7,5.43,1431.1,19.02,0,0,337,411,375,0,0
1121,4425D - BARRETO X CAMPO GRANDE ( VILA MILITAR ),649,10,20.25,6.69,15195.95,66.94,0,0,424,369,328,0,0
1117,479B - MESQUITA - CENTRAL (VIA EDSON PASSOS),531,8,15.1,7.85,8097.5,48.01,0,0,402,351,364,0,0
1114,390 - CURICICA X CANDELARIA(VIA GUERENGUE),773,29,5.0,2.99,2234.4,40.11,0,0,362,352,400,0,0
1110,04 - QUEIMADOS - PARQUE INDUSTRIAL,477,7,5.0,3.66,1492.7,26.9,0,0,389,334,387,0,0
1101,610I - AUSTIN-QUEIMADOS (VIA INCONFIDENCIA),502,4,6.7,5.3,1546.7,20.97,0,0,349,394,358,0,0
1096,7 - SILVESTRE - CASTELO (CIRCULAR),571,14,5.0,2.85,2354.7,42.97,0,0,455,425,216,0,0
1093,49-1 - CIRCULAR VIA D LIMA CASTRO,716,31,5.6,0.81,5234.7,85.52,0,0,415,335,343,0,0
1082,128007 - S. VICENTE - CAXIAS,538,6,6.7,4.79,2061.6,28.44,0,0,363,357,362,0,0
1078,02 - CABRAL - PAIOL,497,12,5.5,4.35,1243.9,20.98,0,0,372,385,321,0,0
1077,"3559B - CENTRAL - PARQUE SÃO VICENTE ""A""",589,8,15.1,8.09,7549.4,46.42,0,0,260,476,341,0,0
1075,486L - BAR DOS CAV - LARGO DA CANCELA,631,9,6.7,5.11,1712.8,23.78,0,0,341,380,354,0,0
1073,46 - VÁRZEA DAS MOÇAS - CENTRO,647,33,5.6,1.09,4836.7,80.49,0,0,335,377,361,0,0
1071,"1404I - DUQUE DE CAXIAS X PIABETÁ (VIA MARACANÃ) ""A""",624,12,11.7,7.23,4790.5,38.23,0,0,352,371,348,0,0
1063,526MA - NITERÓI X ANTONINA (V. PORTO DA PEDRA),626,8,7.1,5.47,1737.45,23.02,0,0,364,340,359,0,0
1061,C25MAN2 - ESTAÇÃO MADUREIRA - MANACÉIA,554,5,5.0,4.09,960.7,18.11,0,0,350,369,342,0,0
1056,B21INT2 - ESTAÇAO INTO,559,4,5.0,1.07,4145.0,78.5,0,0,354,359,343,0,0
1053,567L - DUQUE DE CAXIAS - FREGUESIA (VIA LINHA AMARELA),435,12,11.7,6.61,5363.2,43.53,0,0,363,346,344,0,0
1049,315 - CENTRAL X RECREIO DOS BANDEIRANTES(VIA L. AMARELA),673,16,5.0,1.96,3184.6,60.72,0,0,405,287,357,0,0
1047,133009 - CAMPOR GRANDE - ILHA DA MADEIRA,541,14,7.7,5.43,2373.0,29.44,0,0,368,346,333,0,0
1045,546R - MARICA - RIO DO OURO (M-AP),552,16,7.7,5.22,2589.15,32.18,0,0,350,369,326,0,0
1034,292 - ENGENHO DA RAINHA - CASTELO,535,41,5.0,2.46,2623.25,50.74,0,0,336,351,347,0,0
1034,110196 - GUAPI X CENTRAL,775,15,20.25,6.92,13778.25,65.8,0,0,561,308,165,0,0
1031,446MA - NITEROI X ENGEMHO PEQUENO (V. MENTOR COUTO),525,5,7.1,5.15,2015.1,27.53,0,0,340,378,312,1,0
1029,312 - OLARIA - PRACA MAUA (VIA SAO CRISTOVAO) (CIRCULAR),589,29,5.0,2.81,2251.1,43.75,0,0,347,345,337,0,0
1024,R4PVA - PAVUNA,514,2,7.6,4.17,3514.45,45.16,0,0,346,340,338,0,0
1021,18 - CAXIAS X PARADA ANGELICA (MARACANÃ),593,9,5.17,3.34,1871.4,35.64,0,0,349,291,381,0,0
1015,105P - PARACAMBI - NOVA IGUAÇU,580,16,7.7,5.23,2503.0,32.03,0,0,384,305,326,0,0
1014,361 - CARIOCA X RECREIO DOS BANDEIRANTES (VIA L.AMARELA),679,17,5.0,2.14,2899.4,57.19,0,0,376,351,287,0,0
1014,556 - ITAIPUA?U - ITAIPU,504,6,4.83,3.72,1119.7,23.0,0,0,360,302,352,0,0
1014,554 - NITERÓI X VÁRZEA DAS MOÇAS (VIA TRIBOBÓ),596,5,9.82,7.58,2271.05,22.96,0,0,275,346,393,0,0
1011,428 - SÃO GONÇALO X VILA IZABEL (UERJ),671,22,15.95,7.33,8712.95,54.04,0,0,373,413,225,0,0
1009,128030 - NILÓPOLIS X SHOPPING GRANDE RIO (VIA PORTUGAL,505,6,6.7,4.54,2174.9,32.17,0,0,337,333,339,0,0
1009,15 - QUEIMADOS  PARQUE OLIMPICO,417,6,5.0,4.1,907.7,17.99,0,0,347,330,332,0,0
1000,10 - QUEIMADOS - SANTA ROSA,479,4,5.0,3.99,1013.3,20.27,0,0,347,330,323,0,0
994,3400M - Bairro das Palmeiras - Niterói (via BR-101),587,13,7.1,5.55,1541.8,21.85,0,0,396,381,217,0,0
991,766 - MADUREIRA X FREGUESIA (VIA CASCADURA),472,40,5.0,4.19,805.3,16.25,0,0,313,312,366,0,0
990,6 - QUEIMADOS - PARAISO,457,8,5.0,4.16,829.5,16.76,0,0,316,366,308,0,0
989,16 - HOSPITAL X JD. GRAMACHO,528,11,5.0,3.24,1741.2,35.21,0,0,303,378,308,0,0
988,472 - TRIAGEM - LEME,644,18,5.0,3.13,1851.45,37.48,0,0,356,330,302,0,0
986,128015 - J. BOTÂNICO - CASCADURA (PREF),597,8,6.7,5.44,1239.95,18.77,0,0,340,364,282,0,0
981,536MA - NITERÓI X SAO GONÇALO(VIA BOA VISTA CIRCULAR),624,6,7.1,5.42,1643.95,23.6,0,0,398,307,276,0,0
979,543 - NITEROI X JOQUEI CLUB (VIA TRIBOBO/OASIS),530,5,7.65,6.31,1314.7,17.49,0,0,253,358,368,0,0
975,437P - CAMPO LINDO - PARACAMBI,403,23,7.1,4.79,2251.95,32.53,0,0,307,338,330,0,0
972,637T - XEREM X LEBLON,550,4,15.95,8.36,7376.3,47.58,0,0,312,327,333,0,0
965,7 - AUSTIN - NOVA IGUAÇU (VIA RIACHAO),572,10,5.95,4.91,999.75,17.41,0,0,346,319,300,0,0
964,31 - PONTA DA AREIA - BELTRÃO,520,24,5.6,1.18,4261.8,78.95,0,0,345,313,306,0,0
964,624 - PRACA DA BANDEIRA - MARIOPOLIS,577,35,5.0,3.47,1476.1,30.62,0,0,337,322,305,0,0
963,128012 - N. IGUAÇU - PQ SÃO JOSÉ,495,7,6.7,4.62,2005.8,31.09,0,0,342,321,300,0,0
958,434L - NOVA IGUAÇU - TAQUARA,506,11,6.7,5.03,1598.65,24.91,0,0,312,347,299,0,0
955,467C - YPIRANGA - CENTRAL,595,16,20.25,7.26,12407.05,64.16,0,0,335,309,311,0,0
954,7 - QUEIMADOS - FANCHEM,426,5,5.0,4.3,666.3,13.97,0,0,290,359,305,0,0
953,605I - AUSTIN-QUEIMADOS (VIA GUIMARAES),451,3,6.7,5.18,1446.6,22.66,0,0,310,323,320,0,0
940,301 - RODOVIARIA X BARRA DA TIJUCA (VIA.AV DAS AMERICAS),569,38,5.0,1.12,3648.7,77.63,0,0,346,286,308,0,0
938,9 - QUEIMADOS - VALDARIOSA,393,6,5.0,4.44,528.2,11.26,0,0,312,324,302,0,0
937,108C - DUQUE DE CAXIAS - ESTÁCIO,434,18,10.4,4.41,5614.0,57.61,0,0,303,319,315,0,0
934,363 - PRACA XV - VILA VALQUEIRE,591,42,5.0,3.49,1407.8,30.15,0,0,318,335,281,0,0
932,32 - CACHOEIRA - CENTRO,532,11,5.6,1.19,4108.5,78.72,0,0,307,273,352,0,0
924,473 - SAO JANUARIO - LIDO (VIA TUNEL REBOUCAS),530,24,5.0,1.4,3329.2,72.06,0,0,335,303,286,0,0
923,460I - NOVA IGUACU X DELAMARE,414,9,6.7,5.43,1174.65,18.99,0,0,329,294,300,0,0
918,561I - SANTA RITA - PAVUNA ( VIA PONTO CHIC ),596,9,6.7,4.74,1801.8,29.29,0,0,348,452,118,0,0
914,SP805 - ALVORADA - ERICO VERISSSIMO (PASSARELA DA BARRA),557,14,5.0,2.63,2167.0,47.42,0,0,313,304,297,0,0
912,920 - BONSUCESSO - PAVUNA (VIA FAZENDA BOTAFOGO),418,29,5.0,3.47,1391.5,30.52,0,0,300,338,274,0,0
911,LCD136 - TERMINAL GENTILEZA - LEME,538,13,5.0,0.55,4051.8,88.95,0,0,341,309,261,0,0
899,128009 - N. IGUAÇU - CAXIAS (V.PAULINE),590,9,6.7,4.31,2151.85,35.73,0,0,318,294,287,0,0
898,405 - CAXIAS X PIABETÁ (LOTE XV),647,3,8.39,4.97,3072.2,41.61,0,0,311,284,303,0,0
896,08 - NOVA IGUACU X CARLOS SAMPAIO (DUTRA),576,6,5.95,4.46,1333.6,25.01,0,0,321,279,296,0,0
890,58 - FORUM - MARIA PAULA,566,14,5.55,3.33,1980.15,40.09,0,0,281,313,296,0,0
877,22 - CARREFOUR X CENTENÁRIO (25 DE AGOSTO),455,8,5.0,3.88,981.7,22.39,0,0,260,348,269,0,0
874,431-M - CABUÇU - ALCÂNTARA,500,9,7.1,4.69,2110.4,34.01,0,0,292,269,313,0,0
868,128006 - J. IPÊ - CAXIAS,356,5,6.7,4.62,1805.1,31.04,0,0,272,316,280,0,0
868,7 - GUAXINDIBA - FORUM,599,17,5.55,3.63,1664.75,34.56,0,0,307,352,209,0,0
861,110465D - ANDORINHAS - CAXIAS,633,5,12.41,6.39,5176.8,46.11,0,0,329,376,156,0,0
853,R3LAJ - ESTAÇÃO LAGES - SUPERVIA,453,2,7.6,5.0,2220.4,34.25,0,0,285,287,281,0,0
852,497P - MIGUEL COUTO (AMBAÍ) - CENTRAL,470,10,14.25,7.86,5440.3,44.81,0,0,291,294,267,0,0
848,718D - ALCÂNTARA - MADUREIRA ( VIA PRAÇA DA NAÇÕES/PENHA ),466,11,17.1,7.08,8500.85,58.62,0,0,276,300,272,0,0
847,639 - SAENS PENA - JARDIM AMERICA (VIA ROCHA MIRANDA),488,56,5.0,3.88,949.9,22.43,0,0,284,280,283,0,0
845,113417 - CACUIA X VILAR DOS TELES,600,3,12.2,7.17,4249.4,41.28,0,0,256,338,251,0,0
840,553M - NITERÓI - SACRAMENTO ( VIA BAIRRO LEGIÃO ),429,11,9.1,6.89,1855.65,24.27,0,0,308,266,266,0,0
839,107I - NILÓPOLIS - SAO JOAO DE MERITI VIA NOVA CIDAD,526,3,6.7,5.28,1194.45,21.25,0,0,286,261,292,0,0
838,111125 - MAGE X CASTELO,596,12,20.25,7.9,10352.1,61.0,0,0,236,181,421,0,0
838,530 - QUEIMADOS - RIO DE JANEIRO,618,2,18.27,6.72,9673.9,63.09,0,0,265,310,263,0,0
837,17B - SANTA LUZIA - MARIA PAULA,516,14,5.55,3.65,1593.8,34.31,0,0,290,270,277,0,0
834,128040 - N. IGUAÇU - PQ SÃO JOSÉ,457,5,6.7,4.99,1424.1,25.49,0,0,283,284,267,0,0
832,461C - RAIZ DA SERRA - CENTRAL,599,12,15.1,5.79,7746.5,61.66,0,0,246,351,235,0,0
831,540 - NITEROI X ITAMBI,432,2,16.23,7.65,7123.65,52.7,0,0,281,255,295,0,0
826,436S - ITAGUAI - SANTA SOFIA,355,18,7.1,3.9,2644.25,45.09,0,0,266,290,270,0,0
822,1003 - RAIZ DA SERRA - PAU GRANDE (MAGÉ),477,15,3.9,2.44,1198.45,37.38,0,0,319,275,228,0,0
815,800 - MAGE X CANECA FINA,446,12,9.1,4.62,3653.4,49.26,0,0,267,274,274,0,0
814,780 - SAO FRANCISCO X MESQUITA,488,6,6.7,4.2,2036.8,37.35,0,0,276,289,249,0,0
813,247 - CAMARISTA MEIER - PASSEIO (CIRCULAR),551,25,5.0,3.29,1390.8,34.21,0,0,255,285,273,0,0
813,714 - PONTO CHIC - BARRO VERMELHO,513,7,6.7,4.31,1944.45,35.7,0,0,349,325,139,0,0
812,018DK - CAXIAS - PARADA ANGELICA (MARACANÃ),502,6,5.21,3.52,1372.55,32.67,0,0,235,293,284,0,0
809,2721D - ALCÂNTARA - CASTELO,430,7,15.95,7.76,6627.85,51.37,0,0,284,293,232,0,0
799,47A - CAMPUS DA UFF - CIRCULAR,598,10,5.6,0.86,3786.1,84.62,0,0,363,248,188,0,0
797,511QSEC - NITERÓI - IMBARIÊ (VIA MAGÉ E PIABETÁ),414,6,19.66,7.82,9440.1,60.0,0,0,296,300,201,0,0
796,480I - NOVA IGUAÇU - PARQUE INDUSTRIAL,378,11,6.7,4.15,2030.5,38.07,0,0,289,277,230,0,0
794,520 - HELIÓPOLIS X CENTRAL (VIA ANDRADE ARAÚJO),507,2,15.28,6.83,6707.9,55.14,0,0,263,264,267,0,0
794,12 - SANTA LUZIA - NEVES (CIRC) (DR. MARCH / P.VELHO),548,20,5.55,3.83,1365.35,30.98,0,0,269,276,249,0,0
793,726D - CANDELÁRIA - SANTA LUZIA,399,4,17.1,7.89,7301.55,53.85,0,0,277,283,233,0,0
793,167 - URCA - TERMINAL GENTILEZA,492,29,5.0,1.44,2822.1,71.18,0,0,250,236,307,0,0
788,306 - CASTELO - PRACA SECA (VIA AV. MENEZES CORTES),498,23,5.0,3.27,1365.8,34.66,0,0,241,308,239,0,0
786,491 - AUSTIN - CENTRAL,466,10,14.25,7.85,5032.9,44.94,0,0,304,277,205,0,0
784,111416 - JD. GRAMACHO X CENTRAL,405,5,10.4,7.83,2017.5,24.75,0,0,278,242,264,0,0
782,4146V - ITAIPUAÇU  - CASTELO - DIRETO,565,12,20.25,8.75,8990.0,56.77,0,0,249,275,258,0,0
781,34A - L.B. - CENTRO (VIA V. JARDIM),464,17,5.6,1.17,3456.7,79.04,0,0,263,253,265,0,0
772,368 - CASTELO - RIO CENTRO,547,31,5.0,3.39,1239.25,32.1,0,0,274,222,276,0,0
769,908 - BONSUCESSO - GUADALUPE,382,37,5.0,3.98,787.3,20.48,0,0,239,260,270,0,0
756,C03VPQ2 - Estação Via Parque,416,2,5.0,2.74,1708.3,45.19,0,0,262,248,246,0,0
752,02 - QUEIMADOS - CIRCULAR (VIA BAIRRO QUEBRA COCO),396,3,5.0,4.08,690.8,18.37,0,0,246,253,253,0,0
750,493 - CENTRAL - PONTO CHIC,493,5,14.25,8.15,4576.6,42.83,0,0,317,261,172,0,0
747,17 - JARDIM CATARINA - MARIA PAULA,469,13,5.55,3.49,1539.55,37.13,0,0,255,243,249,0,0
747,169 - TERMINAL GENTILEZA - GENERAL OSÓRIO,460,15,5.0,1.02,2975.6,79.67,0,0,263,249,235,0,0
744,10 - AUSTIN - NOVA IGUAÇU (V. RODILANDIA),467,9,5.95,4.82,842.05,19.02,0,0,272,272,200,0,0
743,134I - NOVA IGUAÇU -  CAXIAS ( VIA VIGARIO GERAL),491,13,7.7,5.73,1465.6,25.62,0,0,250,315,178,0,0
740,23 - DUQUE DE CAXIAS X NOVA CAMPINA (MARACANÃ),478,5,5.23,3.7,1135.05,29.43,0,0,280,213,247,0,0
731,128018 - COSMORAMA - CASCADURA,453,5,6.7,5.31,1012.9,20.68,0,0,247,270,214,0,0
730,675 I - NOVA IGUAÇU - BNH (VIA MESQUITA),397,12,6.7,5.01,1235.65,25.26,0,0,251,249,230,0,0
720,133B - NOVA IGUACU - CENTRAL,415,8,11.78,6.2,4011.75,44.91,0,0,242,243,235,0,0
714,6 - CABRAL - MARIA BRAGA,412,8,5.5,4.2,924.9,23.55,0,0,257,242,215,0,0
711,120 I - BELFORD ROXO - NOVA IGUAÇU,426,6,6.7,4.42,1621.55,34.04,0,0,238,238,235,0,0
708,R5PLS - ESTAÇÃO LUCAS - SUPERVIA,368,2,7.6,4.45,2231.4,41.47,0,0,244,236,228,0,0
708,62B - SANTA BÁRBARA - CHARITAS,464,19,5.6,0.78,3411.5,86.04,0,0,225,238,245,0,0
708,11 - QUEIMADOS - COIMBRA,370,7,5.0,4.21,556.6,15.72,0,0,238,239,231,0,0
703,6144U - NITERÓI - ITAIPUAÇU [RUA 128],395,14,14.25,8.19,4258.3,42.51,0,0,250,263,190,0,0
701,388 - SANTA CRUZ X CANDELARIA(V.AV. BRASIL - EXPRESSO),455,33,5.0,3.04,1370.8,39.11,0,0,260,188,253,0,0
692,26A - CAXIAS X N. CAMPINAS (MARACANÃ),465,10,5.23,3.68,1073.5,29.57,0,0,283,223,186,0,0
691,206I - NOVA IGUAÇU - BELFORD ROXO (VIA EST. IGUAÇU),454,5,6.7,4.63,1431.6,30.92,0,0,248,211,232,0,0
689,535 - BABI X NOVA IGUACU,378,8,6.7,4.18,1738.15,37.65,0,0,260,221,208,0,0
688,321 - BANCARIOS - CASTELO (VIA LINHA VERMELHA) (CIRCULAR),426,28,5.0,2.56,1681.3,48.88,0,0,232,236,220,0,0
687,R5CDL - ESTAÇÃO CORDOVIL - SUPERVIA,338,1,7.6,4.86,1883.8,36.08,0,0,231,230,226,0,0
680,634 - SAENS PENA - BANANAL,483,38,5.0,2.41,1761.9,51.82,0,0,235,233,212,0,0
676,R5BPA - ESTAÇÃO BRÁS DE PINA - SUPERVIA,335,1,7.6,4.95,1791.9,34.88,0,0,234,225,217,0,0
674,128011 - N. IGUAÇU - SGT. RONCALI,430,6,6.7,4.78,1293.1,28.63,0,0,229,235,210,0,0
671,38A - ITAIPU - CENTRO (VIA ENGENHO DO MATO),491,23,5.6,1.46,2774.9,73.85,0,0,219,239,213,0,0
670,"516I - NILOPOLIS - KM 2,5 (VIA SHOPPING)",363,3,6.7,4.77,1296.05,28.87,0,0,239,223,208,0,0
669,104 - SÃO CONRADO - TERMINAL GENTILEZA,472,33,5.0,2.56,1630.75,48.75,0,0,217,222,230,0,0
669,479I - NOVA IGUAÇU - P. DE LUCAS ( VIA DEORORO),437,14,6.7,4.35,1568.9,35.0,0,0,219,228,222,0,0
667,478B - MESQUITA - CENTRAL (VIA CHATUBA),379,7,13.14,7.09,4035.6,42.65,0,0,235,222,210,0,0
666,"3471C - SARACURUNA - CENTRAL ""A""",434,7,15.1,8.19,4605.0,45.79,0,0,198,211,257,0,0
656,C04ECM2 - Estação Centro Metropolitano,349,2,5.0,4.97,20.0,0.61,0,0,237,229,190,0,0
653,521D - ALCÂNTARA - CANDELÁRIA,490,2,15.95,6.84,5948.4,57.11,0,0,221,216,216,0,0
653,457 - ABOLIÇÃO - COPACABANA (VIA TÚNEL SANTA BARBARA),418,37,5.0,1.76,2117.0,64.84,0,0,240,217,196,0,0
646,R5VGL - ESTAÇÃO VIGÁRIO GERAL - SUPERVIA,304,1,7.6,4.81,1804.1,36.75,0,0,213,228,205,0,0
645,119TD - DUQUE DE CAXIAS - ITAGUAÍ,429,8,11.35,6.18,3337.05,44.42,0,0,173,287,185,0,0
643,703B - C. SOARES - M. S. SEBASTIÃO,397,7,6.7,4.91,1153.4,26.77,0,0,249,221,173,0,0
636,917 - BONSUCESSO - MALLET,388,36,5.0,4.11,565.2,17.77,0,0,186,243,207,0,0
630,43 - JARDIM REPÚBLICA - FÓRUM,433,13,5.55,3.31,1409.35,40.31,0,0,227,202,201,0,0
629,2590R - P.NEGRA - CASTELO TA,394,8,20.25,6.95,8368.2,65.7,0,0,189,227,213,0,0
628,133 - LARGO DO MACHADO X RODOVIARIA (VIA ESTACIO),356,13,5.0,0.73,2680.0,85.35,0,0,198,226,204,0,0
626,497 - PENHA - COSME VELHO,473,19,5.0,2.28,1700.1,54.32,0,0,177,211,238,0,0
624,81 - CHARITAS - BARRA DA TIJUCA (VIA JARDIM BOTÂNICO) SAC,433,5,17.1,7.14,6215.4,58.25,0,0,228,204,192,0,0
622,536R - NITEROI - V.DAS MOCAS M.PAULA SA,368,25,9.1,6.29,1747.15,30.87,0,0,210,218,194,0,0
622,SV606 - ENGENHO DE DENTRO - TERMINAL GENTILEZA,437,14,5.0,2.85,1340.4,43.1,0,0,193,209,220,0,0
621,414M - MORADA DO SOL - NITERÓI ( VIA MONTE VERDE ),326,8,15.1,8.04,4386.55,46.78,0,0,227,202,192,0,0
619,BBR - BABI X BELFORD ROXO,326,3,5.5,3.63,1156.1,33.96,0,0,212,194,213,0,0
617,7019 - NOVA IGUAÇU - JARDIM TROPICAL,301,4,5.95,3.97,1222.15,33.29,0,0,225,189,203,0,0
614,438L - DUQUE DE CAXIAS X VIGÁRIO GERAL (CIRCULAR),173,14,6.7,5.26,884.0,21.49,0,0,214,197,203,0,0
613,400M - Bairro das Palmeiras - Niterói (via Nova Cidade),459,12,7.1,5.03,1267.05,29.11,0,0,249,175,189,0,0
611,531 - RAIZ DA SERRA - CENTRAL,461,1,16.11,6.84,5663.35,57.54,0,0,207,201,203,0,0
608,61 - VENDA DA CRUZ - ICARAÍ,414,24,5.6,1.21,2670.0,78.42,0,0,212,186,210,0,0
607,50 - FORUM - ANAIA,404,16,5.55,3.53,1228.55,36.47,0,0,222,180,205,0,0
605,42 - PONTAL - ALCÂNTARA (VIA P. PEDRA),426,10,5.55,3.62,1170.2,34.85,0,0,206,190,209,0,0
603,TEIG - TERMINAL INTERMODAL GENTILEZA - ENTRADA,390,5,5.0,1.86,1893.2,62.79,0,0,188,202,213,0,0
603,571R - NITERÓI - ENGENHO DO ROÇADO,356,13,7.1,5.77,804.0,18.78,0,0,200,231,172,0,0
603,1010 - NOVA IGUAÇU - GERARD DANON,356,6,5.95,4.27,1012.05,28.21,0,0,213,193,197,0,0
602,348 - CASTELO - RIO CENTRO (VIA LINHA AMARELA),404,14,5.0,2.62,1433.1,47.61,0,0,221,203,178,0,0
601,538MA - ZUMBI X NITEROI,292,3,7.1,5.42,1008.9,23.64,0,0,199,214,188,0,0
600,529 - IPIRANGA X CENTRAL,433,2,21.73,6.26,9282.05,71.11,0,0,233,185,182,0,0
597,399 - PASSEIO X PAVUNA(VIA PRESIDENTE VARGAS),418,53,5.0,3.05,1163.2,38.97,0,0,203,175,219,0,0
595,"102 - NOVA IGUAÇU - CERÂMICA, VIA RUA NOVA",374,10,5.95,4.02,1149.75,32.48,0,0,256,214,125,0,0
593,133038 - CHAPERÓ - SANTA CRUZ,271,8,6.7,5.15,920.35,23.17,0,0,204,205,184,0,0
589,42SL - BARRETO - CENTRO (VIA SAO LOURENÇO),346,6,5.6,1.24,2567.6,77.84,0,0,231,180,178,0,0
587,774 - JARDIM AMERICA X MADUREIRA,355,36,5.0,4.0,587.0,20.0,0,0,209,205,173,0,0
586,519B - AREIA BRANCA - CENTRAL,336,2,14.25,8.07,3621.45,43.37,0,0,170,202,214,0,0
585,630I - NOVA IGUAÇU-XAVANTE (VIA HELIÓPOLIS),390,6,6.7,4.91,1049.85,26.79,0,0,166,220,198,1,0
585,133036 - CESARÃO - ITAGUAÍ,326,8,6.7,4.69,1175.95,30.0,0,0,193,172,220,0,0
582,55CA - SÃO LOURENÇO - ALCÂNTARA (VIA TRINDADE),408,11,5.55,3.47,1213.1,37.56,0,0,233,217,132,0,0
580,37 - BOAÇU - ALCÂNTARA,410,12,5.55,3.83,998.45,31.02,0,0,198,161,221,0,0
579,424D - Alcântara - Campo Grande (via Água Branca),401,10,20.25,7.24,7531.75,64.24,0,0,190,178,211,0,0
578,401M - Luiz Caçador - Niterói (via Porto Velho),408,12,7.1,5.42,970.9,23.66,0,0,230,179,169,0,0
577,217 - ANDARAI - CARIOCA (CIRCULAR),419,10,5.0,2.86,1237.1,42.88,0,0,186,197,194,0,0
577,494P - AUSTIN - CENTRAL (CACUIA PAR),378,8,14.25,7.43,3937.3,47.89,0,0,181,184,212,0,0
575,620 - N.IGUACU X N.AURORA (ITAIPU),348,10,6.7,4.87,1052.45,27.32,0,0,191,181,203,0,0
574,558 - PIABETÁ x PENHA,402,1,16.1,7.63,4862.6,52.43,0,0,188,202,184,0,0
574,29 - GRAMACHO - OLAVO BILAC,379,7,3.8,3.17,362.2,16.61,0,0,188,197,189,0,0
571,55C - SÃO LOURENÇO - ALCÂNTARA (VIA NOVA CIDADE),385,11,5.55,3.26,1308.65,41.29,0,0,206,198,167,0,0
570,14C - SANTA LUZIA X FORUM,387,13,5.55,3.14,1376.0,43.5,0,0,186,209,175,0,0
567,13 - JARDIM CATARINA- NEVES (CIRC) (DR. MARCH / P.VELHO),420,17,5.55,4.05,850.6,27.03,0,0,172,209,186,0,0
567,C45FUN2 - Terminal Fundão - Aroldo Melodia,348,9,5.0,3.82,668.0,23.56,0,0,222,192,153,0,0
563,B07VGG2 - ESTAÇAO VIGARIO GERAL,338,4,5.0,1.95,1716.2,60.97,0,0,161,205,197,0,0
561,613 - DEL CASTILHO - RIO CENTRO (VIA AUTODROMO/LINHA AMARELA),354,28,5.0,2.73,1271.5,45.33,0,0,205,167,189,0,0
556,406 - NOVA IGUAÇU - ADRIANOPOLIS,380,4,5.95,4.25,945.1,28.57,0,0,258,152,146,0,0
555,422 - GRAMA X PAVUNA,388,3,6.7,5.13,870.75,23.42,0,0,173,194,188,0,0
554,725-DA - FONSECA - SÃO CRISTÓVÃO,328,3,11.7,7.77,2176.25,33.58,0,0,183,182,189,0,0
551,55A - VARZEA DAS MOÇAS X PIRATININGA - (VIA CAFUBÁ),321,17,5.6,0.39,2869.5,93.0,0,0,201,169,181,0,0
551,C27MER2 - Estação Mercadão,308,2,5.0,3.49,832.0,30.2,0,0,176,196,179,0,0
548,R4APO - ESTAÇÃO AGOSTINHO PORTO - SUPERVIA,240,3,7.6,4.89,1487.5,35.72,0,0,185,180,183,0,0
547,383 - REALENGO - PRACA DA REPUBLICA,423,36,5.0,3.57,784.1,28.67,0,0,206,179,162,0,0
542,209 - PRACA XV - CAJU (VIA SAO CRISTOVAO) (CIRCULAR),345,12,5.0,3.44,844.3,31.15,0,0,169,193,180,0,0
542,397 - CAMPO GRANDE - CARIOCA (VIA BANGU),404,38,5.0,2.72,1235.7,45.6,0,0,172,165,205,0,0
542,"103 - NOVA IGUAÇU -CERÂMICA, VIA RUA GAMA",353,6,5.95,4.49,790.55,24.51,0,0,195,289,58,0,0
539,12C - SANTA LUZIA - ALCÂNTARA,379,14,5.55,3.3,1211.3,40.49,0,0,181,159,199,0,0
538,7005 - S. JOÃO - GRANDE RIO,343,5,4.45,2.6,995.45,41.58,0,0,195,157,186,0,0
537,592I - JAPERI - PAVUNA,374,3,9.1,5.91,1713.35,35.06,0,0,187,168,182,0,0
536,B05IRJ2 - ESTAÇÃO IRAJA,284,4,5.0,3.96,558.2,20.83,0,0,185,171,180,0,0
535,906 - CAJU - JARDIM AMERICA,412,17,5.0,2.26,1465.4,54.78,0,0,184,170,181,0,0
534,406 I - DUQUE DE CAXIAS X PIABETA (VIA BONGABA),455,3,11.15,6.54,2457.8,41.81,0,0,160,174,200,0,0
532,525 - VILA DE CAVA X BELFORD ROXO,357,7,6.7,4.49,1176.35,33.0,0,0,166,178,188,0,0
528,7003 - S. JOÃO - VILAR DOS TELES (V. PQ. ALIAN),310,5,4.45,3.33,591.6,25.18,0,0,172,199,157,0,0
528,C17TAQ2 - Estação Taquara,312,4,5.0,4.93,34.8,1.32,0,0,188,167,173,0,0
528,13 - QUEIMADOS - SANTIAGO,245,2,5.0,4.05,504.2,19.1,0,0,178,169,181,0,0
527,721D - ALCÂNTARA - BOTAFOGO,400,4,15.95,6.86,4791.3,57.0,0,0,197,153,177,0,0
524,5 - QUEIMADOS - SANTO EXPEDITO,238,3,5.0,3.91,569.4,21.73,0,0,175,168,181,0,0
523,48A - ENG. PEQUENO - ALCÂNTARA,364,8,5.55,3.43,1108.05,38.17,0,0,183,164,176,0,0
522,6 - LARGO DA IDEIA X FORUM,397,11,5.55,3.47,1087.5,37.54,0,0,144,206,172,0,0
518,473 - BOSSA NOVA X CENTRAL,366,3,15.1,7.44,3965.9,50.7,0,0,153,153,212,0,0
515,SP864 - TERMINAL CAMPO GRANDE - BANGU,296,26,5.0,3.89,571.0,22.17,0,0,179,164,172,0,0
513,C06RI22 - Estação Rio 2,307,3,5.0,5.0,0.0,0.0,0,0,163,168,182,0,0
512,L01TER2 - Terminal Recreio,338,5,5.0,4.8,101.1,3.95,0,0,161,174,177,0,0
508,100VT - GENERAL OSÓRIO - CENTRAL,408,2,5.0,2.18,1430.8,56.33,0,0,141,182,185,0,0
507,33 - FLUMINENSE - CAXIAS,304,2,5.0,3.35,836.3,32.99,0,0,154,188,165,0,0
506,22 - FORUM - V. MOCAS,379,15,5.55,3.07,1255.15,44.69,0,0,156,169,181,0,0
503,756 - SANTA CRUZ - COELHO NETO,366,36,5.0,3.82,593.9,23.61,0,0,157,169,177,0,0
502,SV624 - PRACA DA BANDEIRA - MARIOPOLIS,366,33,5.0,3.42,790.8,31.51,0,0,181,159,162,0,0
501,33F - JURUJUBA (VIA FORTALEZA STA CRUZ),422,22,5.6,1.17,2220.4,79.14,0,0,150,230,121,0,0
500,355 - MADUREIRA X PRACA TIRADENTES,325,55,5.0,2.85,1074.0,42.96,0,0,174,158,168,0,0
500,"1411 - NOVA IGUAÇU - CARMARY, VIA LARGO DO SÃO JORGE",323,3,5.95,4.28,835.25,28.08,0,0,180,212,108,0,0
499,R4JHO - ESTAÇÃO JACAREZINHO - SUPERVIA,338,2,7.6,4.93,1334.7,35.19,0,0,149,153,197,0,0
498,R2VMR - ESTAÇÃO VILA MILITAR - SUPERVIA,299,3,7.6,4.92,1332.4,35.2,0,0,151,159,188,0,0
494,1901T - CONCEIÇÃO DE JACAREÍ - DUQUE DE CAXIAS,261,12,11.7,7.93,1861.2,32.2,0,0,207,144,143,0,0
491,134 - NOVA IGUACU - COBREX,284,6,5.95,4.2,859.8,29.43,0,0,146,230,115,0,0
490,23 - MUNDEL - FÓRUM,332,6,5.55,4.01,755.3,27.77,0,0,182,219,89,0,0
489,905 - BONSUCESSO - IRAJA,277,32,5.0,2.87,1039.3,42.51,0,0,162,182,145,0,0
488,535R - V.DAS MOCAS - NITEROI SA,304,21,9.1,7.51,776.45,17.48,0,0,148,178,162,0,0
485,621 - N.IGUACU X N.AURORA (AV GLORIA),299,7,6.7,4.75,947.15,29.15,0,0,167,180,138,0,0
484,461I - NOVA IGUACU X FABRICA DE POLVORA,335,8,6.7,5.08,783.15,24.15,0,0,178,161,145,0,0
484,793 - MAGALHAES BASTOS - PAVUNA,295,35,5.0,4.03,469.3,19.39,0,0,176,162,146,0,0
482,"1461C - PIABETA X PASSEIO (VIA IMBARIE) ""A""",296,6,15.1,9.17,2859.4,39.29,0,0,181,191,110,0,0
481,526 - NOVA CAMPINA- RIO DE JANEIRO,386,1,16.13,6.32,4722.55,60.9,0,0,172,161,148,0,0
481,12 - QUEIMADOS - VILA AMERICANA,280,3,5.0,4.02,473.6,19.69,0,0,167,150,164,0,0
479,452B - VILA CAMORIM X CENTRAL,343,6,17.1,7.62,4539.1,55.42,0,0,196,125,158,0,0
476,323 - BANANAL X CASTELO (VIA CACUIA) ( CIRCULAR),318,24,5.0,2.63,1127.5,47.37,0,0,180,149,147,0,0
476,27 - CAXIAS - PARQUE CHUNO,332,2,5.3,2.94,1124.4,44.57,0,0,164,165,147,0,0
474,MB36 - ALCÂNTARA - ITABORAÍ,268,14,7.1,4.95,1020.0,30.31,0,0,172,177,125,0,0
471,4146B - CASTELO X ITAPUAÇU RECANTO (VIA VIVENDAS),320,13,20.25,7.61,5951.7,62.4,0,0,161,166,144,0,0
466,13C - JARDIM CATARINA - ALCÂNTARA,320,11,5.55,2.76,1300.85,50.3,0,0,178,155,133,0,0
466,15 - ILHA DA CONCEIÇÃO - CENTRO,274,5,5.6,0.74,2266.7,86.86,0,0,161,164,141,0,0
466,52 - BALDEADOR - ITAIPU (VIA CANTAGALO),298,19,5.6,1.15,2075.6,79.54,0,0,159,160,147,0,0
464,508 - AUSTIN - RIO DE JANEIRO,341,1,15.25,6.81,3912.9,55.1,0,0,156,132,176,0,0
463,918 - BANGU - BONSUCESSO (VIA JARDIM VIOLETA),301,45,5.0,3.86,529.6,22.88,0,0,152,154,157,0,0
463,508 - AUSTIN - CENTRAL (VIA TIO LUIZ),345,2,15.27,6.81,3914.4,55.31,0,0,160,153,150,0,0
462,407DKA - CAXIAS - RAIZ DA SERRA,270,6,7.0,3.77,1491.4,47.29,0,0,142,155,165,0,0
461,630 - PENHA (IAPI) - SAENS PENA,347,25,5.0,2.08,1346.6,58.42,0,0,154,177,130,0,0
459,R4TCO - ESTAÇÃO TOMÁS COELHO - SUPERVIA,204,1,7.6,4.99,1197.0,34.31,0,0,167,143,149,0,0
458,565 - FIGUEIRA X CENTRAL (CAPIVARI),327,2,15.1,7.06,3682.8,53.25,0,0,176,164,118,0,0
458,R4PRS - ESTAÇÃO PILARES - SUPERVIA,221,1,7.6,4.78,1293.1,37.15,0,0,154,157,147,0,0
457,124 - NOVA IGUAÇU - SANTA RITA,366,4,5.95,3.79,986.3,36.27,0,0,174,207,76,0,0
457,546 - MAG? - NITER?I,353,1,18.39,6.86,5270.4,62.44,0,0,148,152,157,0,0
456,R4CBS - ESTAÇÃO COSTA BARROS - SUPERVIA,213,1,7.6,5.0,1186.8,34.24,0,0,154,155,147,0,0
456,57 - (CIRCULAR VIA F. VARELA/M. FRIAS),303,3,5.6,1.26,1980.0,77.54,0,0,164,149,143,0,0
453,121TD - DUQUE DE CAXIAS - ITAGUAÍ,350,8,11.1,6.05,2286.5,43.84,0,0,243,156,54,0,0
452,531 - RAIZ DA SERRA - RIO DE JANEIRO,381,1,16.29,7.11,4149.45,56.19,0,0,129,137,186,0,0
448,536 - XERÉM - RIO DE JANEIRO,329,1,16.18,7.12,4058.7,55.74,0,0,162,98,188,0,0
447,629 - SAENS PENA - IRAJA,260,51,5.0,3.14,829.2,37.1,0,0,162,141,144,0,0
446,721 - VILA CRUZEIRO X CASCADURA,259,24,5.0,3.6,625.3,28.04,0,0,141,158,147,0,0
445,7 - PAIOLZINHO - NILOPOLIS,238,4,5.5,4.3,533.8,21.81,0,0,162,149,134,0,0
441,510 - ESTRADA DA PALHADA - LINHA VERMELHA,356,1,15.29,6.31,3958.4,58.62,0,0,150,142,149,0,0
440,L4 GOS2 - Estação General Osório 2,285,4,7.9,5.06,1248.3,35.91,0,0,150,142,148,0,0
438,341 - TAQUARA - CANDELARIA,341,18,5.0,3.16,806.0,36.8,0,0,144,131,163,0,0
437,313 - PENHA(GROTAO) - TIRADENTES(VIA V.CRUZEIRO)CIRCULAR,311,21,5.0,3.06,846.3,38.73,0,0,158,135,144,0,0
436,779 - PAVUNA - MADUREIRA (VIA RUA JOAO VICENTE),287,38,5.0,3.96,453.9,20.82,0,0,149,152,135,0,0
436,45 - PONTAL - ALCÂNTARA ( VIA B. VISTA ),317,9,5.55,3.07,1081.35,44.69,0,0,142,141,153,0,0
433,546 - MAGE - NITEROI,356,1,18.09,7.25,4691.45,59.52,0,0,149,137,147,0,0
433,04 - OLINDA - NILOPOLIS,254,5,5.5,4.38,485.5,20.39,0,0,153,162,118,0,0
431,R4DCO - ESTAÇÃO DEL CASTILHO - SUPERVIA,232,1,7.6,4.96,1136.3,34.69,0,0,137,146,148,0,0
431,PXV-PQ - PRAÇAXV X PAQUETA,209,13,3.85,3.5,153.6,7.13,0,0,133,144,154,0,0
430,109 - SÃO CONRADO - SANTO CRISTO,362,4,5.0,3.19,780.0,36.28,0,0,143,149,138,0,0
427,758M - MORADA DO SOL - TRIBOBÓ,294,5,7.1,5.16,829.85,27.37,0,0,130,183,114,0,0
425,C19TAN2 - Estação Tanque,254,4,5.0,4.96,17.3,0.81,0,0,139,143,143,0,0
415,B16HBO2 - ESTAÇAO HOSPITAL BOM SUCESSO,248,5,5.0,3.27,717.9,34.6,0,0,141,134,140,0,0
415,171002 - D. DE CAXIAS - S. J. DE MERITI( VIA V. VELHA),243,3,6.7,4.79,794.55,28.58,0,0,148,139,128,0,0
413,LCD142 - MADUREIRA - JARDIM AMÉRICA (CIRCULAR),267,28,5.0,3.15,765.7,37.08,0,0,165,128,120,0,0
413,201 - N.IGUACUXB.ROXO (ENG PEQ),265,4,6.7,5.06,675.85,24.42,0,0,97,181,135,0,0
411,565 - TANQUE X GÁVEA,283,64,5.0,3.4,655.8,31.91,0,0,162,126,123,0,0
411,17C - JD CATARINA - MARIA PAULA (VIA DALVA RAPOSO),292,8,5.55,3.3,924.1,40.51,0,0,120,150,141,0,0
411,608I - N. IGUAÇU-NS DO ROSÁRIO (V.MARILÉIA E AUSTIN),271,2,6.7,5.27,587.5,21.34,0,0,152,134,125,0,0
410,669 - PAVUNA X MÉIER,283,24,5.0,3.9,452.2,22.06,0,0,128,136,146,0,0
409,799 - METRÔ PAVUNA - BANGU,253,29,5.0,4.07,382.0,18.68,0,0,123,145,141,0,0
408,1014 - NOVA IGUAÇU - RIO D´OURO (VIA ADRIANOPOLIS),301,8,5.95,4.06,771.1,31.76,0,0,123,148,137,0,0
407,2011 - NOVA IGUAÇU -  JARDIM ROMA,231,2,5.95,5.12,338.25,13.97,0,0,132,149,126,0,0
406,7001 - EDEN - ARARUAMA,287,5,4.45,3.08,557.5,30.86,0,0,134,134,138,0,0
403,100R - MARICÁ X ITABORAÍ (VIA RJ-114) SAC,228,3,14.25,7.92,2552.35,44.45,0,0,142,145,116,0,0
402,R4HGL - ESTAÇÃO HORNÓRIO GURGEL - SUPERVIA,199,1,7.6,4.93,1072.9,35.12,0,0,131,132,139,0,0
402,919 - BONSUCESSO - IRAJA (VIA VILA KOSMOS)CIRCULAR,252,26,5.0,3.12,755.4,37.58,0,0,131,132,139,0,0
400,100R - MARICA - ITABORAI (VIA RJ-114) SAC,223,1,14.25,7.53,2688.0,47.16,0,0,127,126,147,0,0
399,40 - MACEIO - CENTRO,279,20,5.6,1.15,1774.2,79.4,0,0,142,146,111,0,0
398,853 - VILA KENNEDY X ESTACAO BRT MATO ALTO,267,30,5.0,3.92,429.6,21.59,0,0,128,143,127,0,0
397,545 - ALCÂNTARA X PASSEIO (VIA DR MARCH),259,14,15.95,7.69,3280.25,51.81,0,0,126,109,162,0,0
396,511 - CAXIAS X PARQUE PAULISTA,313,3,6.84,5.38,578.6,21.13,0,0,145,175,76,0,0
395,SVA665 - PAVUNA - SAENS PENA,273,8,5.0,2.96,804.3,40.72,0,0,130,121,144,0,0
392,526 - RIO DE JANEIRO X NOVA CAMPINA,335,1,16.25,6.72,3732.75,58.51,0,0,68,174,150,0,0
389,469 - SANTA CRUZ DA SERRA X PASSEIO ( CENTRAL),325,4,15.1,7.61,2914.9,49.63,0,0,131,80,178,0,0
386,17 - QUEIMADOS - TRES FONTES,226,4,5.0,4.28,276.8,14.34,0,0,128,123,135,0,0
386,O46TSC2 - Estação Santa Cruz,210,7,5.0,2.06,1136.05,58.86,0,0,125,131,130,0,0
385,462C - PIABETA - CENTRAL (VIA BONGABA),264,5,15.1,8.02,2727.4,46.92,0,0,134,140,111,0,0
382,39 - MARAMBAIA X COROADO,307,7,5.55,3.15,918.6,43.33,0,0,138,112,132,0,0
381,4144C - NITEROI X ITAIPUACU TA  (VIA VIVENDAS),254,13,14.25,7.38,2617.9,48.22,0,0,108,137,136,0,0
379,621 - PENHA - SAENS PENA (VIA MANGUEIRA) (CIRCULAR),266,31,5.0,3.24,668.8,35.29,0,0,137,117,125,0,0
378,B17FCR2 - ESTAÇAO FIOCRUZ,224,4,5.0,4.44,212.3,11.23,0,0,131,129,118,0,0
378,584 - COSME VELHO X LEBLON,332,9,5.0,4.88,45.0,2.38,0,0,144,126,108,0,0
374,B19VGM2 - ESTAÇAO VASCO DA GAMA,192,8,5.0,4.82,67.3,3.6,0,0,123,122,129,0,0
369,759 - CESARÃO - COELHO NETO,262,37,5.0,3.7,479.0,25.96,0,0,118,136,115,0,0
367,02 - CAXIAS X CAPIVARI,228,6,5.27,3.19,762.7,39.35,0,0,103,121,143,0,0
366,026 - CAPOTE - SHOPPING,266,6,5.55,3.28,831.1,40.91,0,0,116,154,96,0,0
364,409 - SAENS PENA - JARDIM BOTANICO (HORTO),239,27,5.0,2.4,947.5,52.06,0,0,123,126,115,0,0
362,41JB - VENDA DA CRUZ - CENTRO VIA JOÃO BRASIL,256,9,5.6,0.81,1735.6,85.62,0,0,114,134,114,0,0
362,527 - PARQUE SAO VICENTE - CENTRAL,282,1,15.25,7.14,2935.0,53.04,0,0,120,113,129,0,0
360,546 - Niteroi - Mage (Via Itambi),288,1,18.36,7.68,3844.95,58.0,0,0,70,151,139,0,0
360,435 - GRAJAÚ - GÁVEA (VIA TÚNEL SANTA BÁRBARA),234,25,5.0,1.91,1113.2,61.84,0,0,120,119,121,0,0
360,753 - SANTA CRUZ - METRO COELHO NETO,274,24,5.0,4.09,327.9,18.22,0,0,154,111,95,0,0
356,524MA - NITEROI X PONTAL,257,3,7.1,5.8,461.45,18.26,0,0,152,146,58,0,0
355,7004 - S. JOÃO - MATADOURO,247,6,4.45,3.34,392.3,24.83,0,0,136,111,108,0,0
355,419C - JARDIM LEAL - CIDADE UNIVERSITARIA (VIA GRAMACHO),239,5,10.4,9.14,446.9,12.11,0,0,102,155,98,0,0
354,2016 - NOVA IGUAÇU - CAMPO BELO,245,3,5.95,4.8,408.5,19.39,0,0,122,110,122,0,0
354,LCD140 - TERMINAL MARGARIDAS - MÉIER,228,38,5.0,4.04,340.2,19.22,0,0,116,118,119,1,0
351,"457U - CONCEIÇÃO DE JACAREÍ - ITAGUAÍ (VIA MANGARATIBA) ""SAC""",229,15,14.28,6.2,2834.8,55.52,0,0,128,125,98,0,0
350,510 - CABUÇU - CENTRAL,299,1,15.22,6.77,2955.3,55.3,0,0,138,126,86,0,0
349,70 - CAXIAS X CHACARA ARCAMPO (VIA M.HELENA) - MUNICIPAL,216,5,5.26,3.68,548.3,30.01,0,0,114,106,129,0,0
346,855 - BANGU X MAGARCA (VIA AV. SANTA CRUZ),235,26,5.0,4.39,211.3,12.21,0,0,119,117,110,0,0
335,B15BSP2 - ESTAÇAO BAIXA DO SAPATEIRO,199,4,5.0,2.41,867.3,51.78,0,0,108,119,108,0,0
334,B04FBT2 - ESTAÇAO FAZENDA BOTAFOGO,171,3,5.0,4.54,153.0,9.16,0,0,112,114,108,0,0
334,692 - MEIER - ALVORADA (VIA AV. D. HELDER CAMARA/LINHA AMARELA),244,25,5.0,3.64,453.7,27.17,0,0,113,126,95,0,0
332,123Q - MAGÉ - ITABORAÍ,194,5,11.7,7.86,1273.4,32.78,0,0,118,107,107,0,0
330,R4BFO - ESTAÇÃO BARROS FILHO - SUPERVIA,164,1,7.6,4.99,861.5,34.35,0,0,104,107,119,0,0
330,10146D - MARICÁ - CASTELO,240,6,20.25,7.45,4225.5,63.23,0,0,106,120,104,0,0
330,474 - JACARE - JARDIM DE ALAH,238,14,5.0,1.62,1115.2,67.59,0,0,111,111,108,0,0
329,1 - MIRANDELA - CABRAL,245,2,5.5,4.62,289.3,15.99,0,0,100,168,61,0,0
328,638 - SAENS PENA - MARECHAL HERMES (CIRCULAR),241,47,5.0,4.47,172.4,10.51,0,0,115,109,104,0,0
327,687 - MEIER - PAVUNA (VIA RUA JOSE DOS REIS),208,27,5.0,3.53,480.2,29.37,0,0,113,88,126,0,0
327,448C - PIABETA-CENTRAL (VIA PENHA),221,2,15.1,8.03,2313.0,46.85,0,0,126,131,70,0,0
327,325 - RIBEIRA - CASTELO (VIA LINHA VERMELHA),245,15,5.0,2.75,736.2,45.03,0,0,108,111,108,0,0
326,3 - QUEIMADOS - GRANJA ALZIRA,163,1,5.0,4.12,287.2,17.62,0,0,110,121,95,0,0
325,01A - SANTA IZABEL X ALCANTARA,276,5,5.55,2.76,906.8,50.27,0,0,55,176,94,0,0
324,4144S - NITERÓI X TERMINAL  IÇU  T A ( VIA VIVENDAS),247,15,14.25,8.88,1738.35,37.66,0,0,103,108,113,0,0
319,SV853 - VILA KENNEDY - MATO ALTO (VIA ESTR. DO MENDANHA),215,25,5.0,3.73,405.6,25.43,0,0,127,94,97,1,0
318,636 - PRACA SAENS PENA - GARDENIA AZUL,243,30,5.0,4.3,223.9,14.08,0,0,114,92,112,0,0
316,550 - NILOPOLIS X CENTRAL (VIA VILA NOVA),176,1,16.1,8.07,2536.95,49.7,0,0,108,94,114,0,0
315,R4CCE - ESTAÇÃO CAVALCANTE - SUPERVIA,160,1,7.6,5.0,820.2,34.26,0,0,100,105,110,0,0
314,560I - JACERUBA - QUEIMADOS,161,7,6.7,5.37,418.1,19.87,0,0,109,105,100,0,0
312,378 - MARECHAL HERMES X CASTELO,230,10,5.0,2.44,799.35,51.24,0,0,126,98,88,0,0
312,501 - CALCANTARA X CASTELO,259,1,17.17,7.01,3167.35,59.12,0,0,98,108,106,0,0
311,SV474 - SV - JACARÉ X COPACABANA (VIA TÚNEL MARCELLO ALENCAR),235,18,5.0,1.81,991.8,63.78,0,0,100,121,90,0,0
311,TECB - TERMINAL CENTRAL DO BRASIL - ENTRADA,273,2,5.0,4.0,312.4,20.09,0,0,311,0,0,0,0
310,838 - CAMPO GRANDE X JARDIM MARAVILHA,225,37,5.0,4.12,273.0,17.61,0,0,108,104,98,0,0
310,362 - HONÓRIO X PRAÇA XV,230,11,5.0,2.0,930.1,60.01,0,0,119,89,102,0,0
308,B03JDG2 - ESTAÇAO JARDIM GUADALUPE,192,3,5.0,3.23,543.8,35.31,0,0,115,108,85,0,0
306,O14SMJ2 - Estação Santa Mônica Jardins,175,2,5.0,5.0,0.0,0.0,0,0,99,109,98,0,0
305,INT9 - RIO SUL X PIABAS,246,32,5.0,3.95,321.2,21.06,0,0,133,81,91,0,0
301,265 - MARECHAL HERMES - CASTELO,228,43,5.0,3.7,390.6,25.95,0,0,115,98,88,0,0
300,LCD138 - ROCINHA - LEME,257,14,5.0,3.69,392.3,26.15,0,0,108,112,80,0,0
297,790 - CAMPO GRANDE - CASCADURA,246,24,5.0,3.86,339.4,22.86,0,0,95,106,96,0,0
295,114B - NOVA IGUAÇU - CENTRAL,193,3,14.25,6.47,2296.2,54.62,0,0,84,142,69,0,0
295,LCD129 - TERMINAL ALVORADA - CENTRAL DO BRASIL,267,5,5.0,3.52,435.9,29.55,0,0,154,70,71,0,0
295,883 - BANGU X EST.MATO ALTO (VIA ESTRADA DO PRE),206,29,5.0,4.53,139.5,9.46,0,0,112,77,106,0,0
293,INT2 - RIO SUL X ALVORADA,245,11,5.0,3.41,467.3,31.9,0,0,84,95,114,0,0
293,SP265 - MARECHAL HERMES-SÃO CRISTOVAO,211,34,5.0,3.56,421.4,28.76,0,0,103,109,81,0,0
293,INT8 - RIO SUL X RECREIO,258,19,5.0,3.82,344.6,23.52,0,0,84,110,99,0,0
292,02 - MANOEL REIS - RODOVIARIA,159,2,5.5,4.4,321.0,19.99,0,0,118,68,106,0,0
292,783 - MARECHAL HERMES - PRAÇA SECA,174,16,5.0,4.42,169.4,11.6,0,0,99,95,98,0,0
292,754 - SANTA CRUZ - TERMINAL DEODORO,225,18,5.0,4.11,259.5,17.77,0,0,93,100,99,0,0
291,757 - SEPETIBA - COELHO NETO,240,18,5.0,4.06,274.2,18.85,0,0,111,86,94,0,0
287,11 - CAXIAS X PARQUE BOM RETIRO (VIA MARACANA),207,6,5.28,3.33,560.2,36.92,0,0,107,106,74,0,0
286,745 - BANGU - CASCADURA,227,15,5.0,3.56,411.5,28.78,0,0,90,97,99,0,0
286,15A - JOCKEY - ALCÂNTARA,229,8,5.55,2.48,877.4,55.28,0,0,92,60,134,0,0
285,C21PSE2 - Estação Praça Seca,167,4,5.0,4.9,29.6,2.08,0,0,92,104,89,0,0
283,133007 - ITUAGUAI - NITEROI C/ AR,179,1,20.25,7.82,3517.05,61.37,0,0,81,114,88,0,0
283,C07PCO2 - Estação Pedro Correia,175,2,5.0,5.0,0.0,0.0,0,0,89,101,93,0,0
282,749 - CHARITAS - GÁVEA (VIA TÚNEL SANTA BÁRBARA) AC,208,2,14.25,5.04,2596.9,64.63,0,0,94,102,86,0,0
281,4146G - TERMINAL  IÇU X CASTELO T A ( VIA VIVENDAS),224,16,20.25,6.26,3931.45,69.09,0,0,114,75,92,0,0
278,114I - JAPERI - SEROPÉDICA,132,1,6.7,5.11,442.7,23.77,0,0,84,113,81,0,0
277,410 - PRACA SAENS PENA - GAVEA,226,30,5.0,2.73,629.7,45.47,0,0,105,86,86,0,0
277,870 - SEPETIBA - SANTA CRUZ,227,15,5.0,4.17,228.6,16.51,0,0,99,79,99,0,0
275,O15RIM2 - Estação Riomar,164,2,5.0,5.0,0.0,0.0,0,0,98,87,90,0,0
275,B12MMC2 - ESTAÇAO MARINHA MERCANTE,163,2,5.0,4.67,90.6,6.59,0,0,82,98,95,0,0
274,"108 - NOVA IGUAÇU - AV ANTONIO CUNHA VIA RUAS ""C"" E",187,4,5.95,4.95,273.4,16.77,0,0,125,118,31,0,0
274,538R - NITERÓI X ITAIPU AC ( AV.CENTRAL X EWERTON XAVIER),206,11,9.1,5.78,908.4,36.43,0,0,101,89,84,0,0
274,432C - PARQUE DAS MISSÕES - CENTRAL,141,3,10.4,8.83,431.3,15.14,0,0,102,86,86,0,0
273,C46GA22 - Estação Galeão - Tom Jobim 2,161,2,5.0,5.0,0.0,0.0,0,0,88,94,91,0,0
272,R4RMA - ESTAÇÃO ROCHA MIRANDA - SUPERVIA,137,1,7.6,4.93,726.3,35.13,0,0,94,94,84,0,0
271,926 - SENADOR CAMARA - PENHA,244,20,5.0,3.87,307.0,22.66,0,0,95,101,75,0,0
270,SP759 - CESARAO - TERMINAL DEODORO,216,26,5.0,3.99,273.5,20.26,0,0,82,100,88,0,0
270,O66CPG2 - Terminal Campo Grande,166,3,5.0,2.01,807.8,59.84,0,0,90,92,88,0,0
269,"1406 - NOVA IGUAÇU - CARMARY, VIA TRÊS CORAÇÕES",179,4,5.95,4.44,406.3,25.38,0,0,75,65,129,0,0
269,18 - LEGIAO - ALCANTARA (CIRCULAR),191,3,5.55,3.49,553.2,37.05,0,0,99,100,70,0,0
265,1002 - NOVA IGUAÇU - BAIRRO BOTAFOGO,174,2,5.95,4.64,346.85,22.0,0,0,89,105,71,0,0
264,864 - CAMPO GRANDE X BANGU,183,24,5.0,3.8,317.9,24.08,0,0,90,84,90,0,0
263,393 - CASTELO - BANGU,222,25,5.0,3.27,456.0,34.68,0,0,90,80,93,0,0
262,528MA - NITEROI X GALO BRANCO(V.BARRO VERMELHO),192,1,7.1,5.53,410.5,22.07,0,0,89,97,76,0,0
261,679 - GROTAO - MEIER (CIRCULAR),171,24,5.0,3.21,466.0,35.71,0,0,79,93,89,0,0
260,384 - PAVUNA X PASSEIO,211,32,5.0,3.11,491.0,37.77,0,0,74,105,81,0,0
259,721 - NOVA IGUAÇU - CAIOABA (VIA ESPLANADA),168,3,5.95,4.55,363.35,23.58,0,0,83,91,85,0,0
259,C39PE22 - Estação Penha 2,150,2,5.0,3.17,474.5,36.64,0,0,82,91,86,0,0
259,21 - FONSECA - CENTRO,206,10,5.6,0.93,1208.4,83.32,0,0,85,89,85,0,0
259,117T - CAXIAS X MANGARATIBA (VIA CAMPO GRANDE),161,16,9.1,4.77,1121.5,47.58,0,0,89,92,78,0,0
257,770 - CAMPO GRANDE - METRÔ COELHO NETO,214,15,5.0,3.78,314.0,24.44,0,0,73,94,90,0,0
256,622 - PENHA - SAENS PENA (VIA GRAJAU) CIRCULAR,194,30,5.0,2.72,583.1,45.55,0,0,80,94,82,0,0
256,B11LJN2 - ESTAÇAO LOBO JUNIOR,157,3,5.0,4.67,84.2,6.58,0,0,89,81,86,0,0
256,737 - SANTISSIMO - CASCADURA,224,18,5.0,4.07,237.4,18.55,0,0,93,83,80,0,0
255,6144R - RUA 126 X NITEROI (TA),188,6,14.25,7.35,1758.35,48.39,0,0,77,107,71,0,0
255,508 - CAXIAS X SARACURUNA (BR 493),209,2,6.87,4.81,524.4,29.86,0,0,119,79,57,0,0
254,543D - ANAIA  X CANDELARIA,158,1,15.95,8.26,1954.35,48.24,0,0,87,94,73,0,0
253,08 - ENGENHO DO ROCADO - ALCÂNTARA,178,2,5.55,2.43,790.6,56.3,0,0,64,57,132,0,0
251,1 - QUEIMADOS - PONTE PRETA,154,1,5.0,4.61,97.2,7.75,0,0,89,73,89,0,0
250,O12NLB2 - Estação Novo Leblon,154,2,5.0,4.98,5.0,0.4,0,0,85,83,82,0,0
249,502 - ALCANTARA X CURUZU,188,2,7.58,4.97,650.1,34.47,0,0,98,92,59,0,0
248,880 - RIO DAS PEDRAS X ALVORADA,187,20,5.0,2.89,522.4,42.13,0,0,105,82,61,0,0
248,524 - MIGUEL COUTO-CENTRAL,214,1,15.4,6.88,2111.0,55.2,0,0,0,128,120,0,0
248,10 - CIRCULAR - CEASA,204,5,5.55,3.32,552.2,40.12,0,0,90,88,70,0,0
247,862 - RIO DAS PEDRAS X BARRA,216,21,5.0,2.75,554.9,44.93,0,0,87,91,69,0,0
247,746P - P. SÃO FRANCISCO - CAMPO GRANDE,169,4,7.7,5.61,516.55,27.16,0,0,43,105,99,0,0
247,C14SEF2 - Estação Santa Efigênia,161,1,5.0,5.0,0.0,0.0,0,0,83,76,88,0,0
245,"455U - ITAGUAÍ - MURIQUI ""SA""",155,12,9.1,5.21,952.1,42.71,0,0,79,94,72,0,0
243,775 - VIGARIO GERAL - MADUREIRA,177,17,5.0,3.7,315.4,25.96,0,0,82,79,82,0,0
242,37 - PARQUE DA COLINA - CENTRO,198,22,5.6,1.19,1066.3,78.68,0,0,92,66,84,0,0
239,14146D - RUA 128 - CANDELÁRIA,185,5,20.25,8.09,2906.45,60.05,0,0,77,94,68,0,0
237,C41OLA2 - Estação Olaria - Cacique de Ramos,135,2,5.0,4.59,97.8,8.25,0,0,80,93,64,0,0
237,379 - CATIRI - TIRADENTES,215,17,5.0,3.9,260.0,21.94,0,0,86,73,78,0,0
237,O24GGI2 - Estação Gláucio Gil,165,4,5.0,4.93,15.6,1.32,0,0,69,69,99,0,0
236,O01JOP2 - Terminal Jardim Oceânico - Plataforma,159,6,5.0,4.94,15.0,1.27,0,0,82,76,78,0,0
235,712 - CASCADURA - IRAJA (CIRCULAR),162,19,5.0,3.58,333.6,28.39,0,0,85,72,78,0,0
234,1 - VILA NORMA - COELHO DA ROCHA,198,7,4.45,3.33,263.1,25.27,0,0,93,71,70,0,0
234,731 - CAMPO GRANDE - MARECHAL HERMES,202,18,5.0,3.85,270.2,23.09,0,0,88,74,72,0,0
233,O29RSH2 - Estação Recreio Shopping,156,4,5.0,4.8,47.3,4.06,0,0,98,71,64,0,0
232,60 - ILHA DA CONCEIÇÃO - ICARAÍ,188,3,5.6,0.92,1085.0,83.51,0,0,72,79,81,0,0
231,2590A - PONTA NEGRA X CANDELÁRIA,178,2,20.25,8.87,2628.65,56.19,0,0,81,56,94,0,0
231,PXV-COC - PRAÇAXV X COCOTA,128,11,5.0,4.7,68.9,5.97,0,0,81,81,69,0,0
230,"458S - CAMPO GRANDE - ITAGUAÍ (VIA AV. BRASIL/BR101) ""SA""",179,19,6.7,4.55,493.8,32.04,0,0,85,69,76,0,0
227,210 - CAJU - PRACA XV (VIA CAIS DO PORTO) CIRCULAR,172,7,5.0,2.1,658.4,58.01,0,0,93,86,48,0,0
226,386 - ANCHIETA X PASSEIO (VIA MARIOPOLIS),181,21,5.0,3.32,379.5,33.58,0,0,66,83,77,0,0
226,335 - CORDOVIL - TIRADENTES (RAPIDO),140,9,5.0,2.45,576.3,51.0,0,0,72,78,76,0,0
225,17J - JURUJUBA VIA FROES,179,21,5.6,1.17,996.1,79.06,0,0,66,83,76,0,0
225,1006 - NOVA IGUAÇU - MONTE CASTELO,166,3,5.95,4.83,251.15,18.76,0,0,87,65,73,0,0
225,124 - Itaguaí - Muriqui - VIA BR-101,133,2,9.72,6.47,730.6,33.67,0,0,69,72,84,0,0
221,30 - SÃO PEDRO - FÓRUM (VIA LAGOA SECA),173,6,5.55,3.01,562.4,45.85,0,0,80,61,80,0,0
221,557I - DUQUE DE CAXIAS - PILAR (VIA FUNDAÇÃO CRISTO REDENTOR),136,1,6.7,4.7,441.4,29.81,0,0,82,58,81,0,0
221,113B - NOVA IGUAÇU - CENTRAL,170,2,14.25,6.3,1756.3,55.77,0,0,80,106,35,0,0
220,B14RVZ2 - ESTAÇAO RUBENS VAZ,159,5,5.0,3.99,222.3,20.21,0,0,76,72,72,0,0
220,462I - NOVA IGUACU X RUA DA SERRA,142,4,6.7,5.29,309.7,21.01,0,0,76,82,62,0,0
219,23MDKA - DUQUE DE CAXIAS - IMBARIÊ,193,2,5.22,3.61,352.4,31.01,0,0,134,38,47,0,0
219,39A - MARAMBAIA X ALCANTARA,154,3,5.55,3.28,497.55,40.94,0,0,75,70,74,0,0
218,867 - BARRA DE GUARATIBA - CAMPO GRANDE (VIA ILHA DE GUARATIBA),154,34,5.0,3.36,357.6,32.81,0,0,84,73,61,0,0
218,650 - MARECHAL HERMES - ENGENHO NOVO,152,15,5.0,4.51,107.1,9.83,0,0,84,59,75,0,0
218,C32VCA2 - Estação Vicente de Carvalho,140,4,5.0,4.25,163.3,14.98,0,0,67,75,76,0,0
215,023DK - DUQUE DE CAXIAS - NOVA CAMPINA (MARACANÃ),165,1,5.2,3.98,262.9,23.86,0,0,64,64,87,0,0
215,"103I - NOVA IGUAÇU -CERÂMICA, VIA GUADALAJARA",175,2,5.95,4.29,355.9,27.82,0,0,123,65,27,0,0
215,SVB665 - PAVUNA - SAENS PENA,180,7,5.0,3.43,338.2,31.46,0,0,53,98,64,0,0
215,30 - HOSPITAL INFANTIL - GRAMACHO (VIA GAL RONDON),165,1,5.0,3.76,265.7,24.72,0,0,85,74,56,0,0
214,342 - CASTELO - JARDIM AMERICA,169,17,5.0,2.52,530.2,49.55,0,0,81,69,64,0,0
214,353 - RODOVIARIA - CIDADE DE DEUS,173,16,5.0,3.3,364.5,34.07,0,0,72,72,70,0,0
213,35 - SHOPPING X ALCANTARA VIA AV MARICA,167,2,5.55,3.28,483.05,40.86,0,0,64,61,88,0,0
213,SR378 - MARECHAL HERMES - CASTELO,169,5,5.0,2.74,481.5,45.21,0,0,70,75,68,0,0
211,688 - MEIER - PAVUNA (VIA RUA ALVARO DE MIRANDA),155,23,5.0,3.38,341.3,32.35,0,0,69,72,70,0,0
211,52A - BALDEADOR - CHARITAS,150,11,5.6,0.75,1022.3,86.52,0,0,67,78,66,0,0
209,910 - BANANAL X FUNDAO,165,10,5.0,1.98,630.9,60.37,0,0,85,71,53,0,0
208,4146H - TER. ITAIPUAÇU X  CANDELÁRIA ( VIA VIVENDAS),191,4,20.25,8.18,2510.8,59.61,0,0,80,79,49,0,0
207,121 - Itaguaí - Conceição de Jacareí - VIA BR-101,122,1,24.53,7.84,3453.35,67.9,0,0,73,64,70,0,0
206,898 - CAMPO GRANDE - SEPETIBA (VIA EST. DO CAMPINHO),158,23,5.0,3.9,226.3,21.97,0,0,69,70,67,0,0
206,O02BMP2 - Estação Bosque Marapendi,147,3,5.0,4.81,40.0,3.88,0,0,71,66,69,0,0
205,327 - RIBEIRA X CASTELO ( VIA LINHA VERMELHA ) ( CIRCULAR ),155,9,5.0,3.08,393.2,38.36,0,0,68,71,66,0,0
204,897 - PACIÊNCIA X PINGO D`ÁGUA (VIA EST. 31 DE OUTUBRO),128,12,5.0,4.78,44.6,4.37,0,0,73,64,67,0,0
204,200 - N.IGUACUXB.ROXO (AREIA BRANCA),172,4,6.7,4.65,418.5,30.62,0,0,135,27,42,0,0
204,41BC - VENDA DA CRUZ - CENTRO VIA BENJAMIN CONSTANT,152,9,5.6,0.48,1044.8,91.46,0,0,69,70,65,0,0
203,O06RMR2 - Estação Ricardo Marinho,125,2,5.0,4.95,10.0,0.99,0,0,66,72,65,0,0
203,O13AMP2 - Estação Américas Park,132,2,5.0,5.0,0.0,0.0,0,0,62,70,71,0,0
202,554I - CAXIAS X MANTIQUEIRA,163,1,6.86,5.19,338.8,24.27,0,0,47,76,79,0,0
201,LCD135 - CENTRAL - PAULA MATOS,148,2,5.0,2.68,466.3,46.4,0,0,68,67,66,0,0
200,1011 - NOVA IGUAÇU - BAIRRO AMARAL,137,1,5.95,4.34,321.5,27.02,0,0,68,65,67,0,0
198,012.1 - BAR DOS CAVALEIROS X 21 DE ABRIL\IG.SÃO JORGE,160,1,5.0,3.96,206.0,20.81,0,0,79,58,61,0,0
198,600N - BAIRRO VONA - CENTRAL,120,2,6.7,6.17,104.1,7.85,0,0,65,66,67,0,0
198,780 - METRÔ PAVUNA - TERMINAL MADUREIRA,164,19,5.0,4.16,165.9,16.76,0,0,93,59,46,0,0
198,778 - PAVUNA X CASCADURA,137,10,5.0,3.66,265.3,26.8,0,0,62,76,60,0,0
196,625 - OLARIA - SAENS PENA (CIRCULAR),151,17,5.0,3.73,248.0,25.31,0,0,64,66,66,0,0
195,B08CDD2 - ESTAÇAO CIDADE ALTA,129,3,5.0,2.34,518.8,53.21,0,0,67,48,80,0,0
195,7017 - J. REDENTOR- B. ROXO (BOM PASTOR),112,1,5.5,3.89,314.4,29.31,0,0,72,62,61,0,0
195,SR399 - PAVUNA - PASSEIO,153,22,5.0,3.32,326.9,33.53,0,0,70,73,52,0,0
192,SV917 - BONSUCESSO - REALENGO,154,14,5.0,4.0,192.1,20.01,0,0,60,57,75,0,0
191,07A - GUAXINDIBA - ALCANTARA,159,4,5.55,2.85,516.2,48.7,0,0,93,72,26,0,0
190,300 - SULACAP - CANDELÁRIA,171,11,5.0,3.76,235.1,24.75,0,0,71,47,72,0,0
189,408 - NOVA IGUAÇU - BAIRRO AMARAL,154,1,5.95,4.52,270.75,24.08,0,0,0,93,96,0,0
189,533X - ALCÂNTARA X MEIER (VIA SÃO CRISTOVÃO),125,1,17.1,6.69,1966.95,60.86,0,0,85,49,55,0,0
188,1014 - PIABETA X OLARIA (VIA EST. NOVA E IPIRANGA),144,1,3.9,2.46,270.8,36.93,0,0,75,60,53,0,0
188,018DKA - CAXIAS - PARADA ANGELICA (MARACANÃ),148,2,5.19,3.56,306.9,31.82,0,0,73,75,40,0,0
188,48 - ZUMBI - ALCANTARA,149,3,5.55,3.62,362.45,34.74,0,0,57,62,69,0,0
188,405A - VILA M. HELENA X CENTRAL,131,1,15.1,8.74,1196.5,42.15,0,0,66,51,71,0,0
186,587M - SÃO GONÇALO - VENDA DAS PEDRAS,172,3,7.1,4.73,441.4,33.42,0,0,49,56,81,0,0
186,583 - COSME VELHO X LEBLON (VIA JOQUEI) CIRCULAR,162,9,5.0,4.69,57.9,6.23,0,0,84,66,36,0,0
184,6 - SANTA TEREZA - HOSPITAL INFANTIL,121,1,5.0,3.4,294.4,32.0,0,0,61,65,58,0,0
184,539 - ROCINHA - LEME (VIA ESTR. DA GAVEA/COPACABANA),162,11,5.0,4.94,10.6,1.15,0,0,55,76,53,0,0
183,961 - RIO DAS PEDRAS X RIO CENTRO,169,14,5.0,3.57,261.8,28.61,0,0,36,85,62,0,0
182,SR362 - HONORIO GURGEL - CASTELO,143,7,5.0,2.24,503.0,55.27,0,0,66,65,51,0,0
180,628 - PENHA X NOVA AMERICA (CIRCULAR),115,26,5.0,2.39,470.3,52.26,0,0,58,55,67,0,0
179,748L - MORRO AGUDO - PAVUNA ( VIA ROCHA SOBRINHO),152,1,6.7,5.2,267.85,22.33,0,0,67,50,62,0,0
178,2007 - NOVA IGUAÇU - JARDIM ALVORADA,121,2,5.95,4.74,215.7,20.37,0,0,61,66,51,0,0
178,539 - ROCINHA - LEME (V.ESTR.DA GAVEA/COPACABANA),151,9,5.0,4.89,20.0,2.25,0,0,67,52,59,0,0
177,651B - MESQUITA - CENTRAL (VIA VIA LIGHT),107,3,15.1,8.93,1091.75,40.85,0,0,56,63,58,0,0
176,540 - NOVA IGUAÇU - RICARDO DE ALBUQUERQUE,137,2,6.7,4.49,389.65,33.04,0,0,62,56,58,0,0
176,105 - NOVA IGUAÇU - RUA E.F,119,1,5.95,5.36,104.15,9.95,0,0,90,86,0,0,0
176,623 - PENHA - SAENS PENA (VIA TUNEL NOEL ROSA) (CIRCULAR),129,22,5.0,2.71,403.5,45.85,0,0,63,49,64,0,0
175,34 - HOSPITAL INFANTIL - REMIDO,129,1,5.0,3.63,240.1,27.44,0,0,64,62,49,0,0
174,22 - LARGO DO MOURA - CENTRO,146,7,5.6,0.85,825.8,84.75,0,0,58,58,58,0,0
173,SV777 - PADRE MIGUEL - MADUREIRA,144,9,5.0,4.17,144.0,16.65,0,0,56,64,53,0,0
172,C05HOS2 - Estação Rede Sarah,105,2,5.0,5.0,0.0,0.0,0,0,58,60,54,0,0
172,C01LOJ2 - Estação Lourenço Jorge,109,2,5.0,4.85,25.0,2.91,0,0,60,63,49,0,0
171,SN397 - CAMPO GRANDE X CARIOCA (VIA BANGU - AV. BRASIL),146,16,5.0,2.97,346.3,40.5,0,0,40,92,39,0,0
170,7011 - S. JOÃO - BACIA,111,3,4.45,2.31,364.6,48.2,0,0,57,57,56,0,0
170,C44MRE2 - Estação Maré,104,2,5.0,1.03,675.0,79.41,0,0,58,55,57,0,0
169,L05OLF2 - Estação Olof Palme,114,2,5.0,4.97,5.0,0.59,0,0,49,54,66,0,0
167,534R - PONTA NEGRA X NITEROI,127,1,14.25,7.63,1106.15,46.48,0,0,47,70,50,0,0
166,607 - CASCADURA - RIO COMPRIDO (VIA ESTÁCIO),122,16,5.0,4.06,155.8,18.77,0,0,40,71,55,0,0
165,9 - BELA VISTA - CHACRINHA,100,1,5.0,3.74,208.2,25.24,0,0,58,53,54,0,0
165,B06TMG2 - TERMINAL MARGARIDAS,91,12,5.0,3.03,324.6,39.35,0,0,49,58,58,0,0
164,2015 - NOVA IGUAÇU - PRADOS VERDES,140,4,5.95,4.49,238.75,24.47,0,0,63,49,52,0,0
164,SR388 - SANTA CRUZ - CANDELARIA,149,22,5.0,3.39,263.5,32.13,0,0,67,61,36,0,0
164,805 - ALVORADA - JARDIM OCEANICO (CIRCULAR),147,6,5.0,2.77,365.0,44.51,0,0,47,55,62,0,0
163,SP918 - TERMINAL DEODORO X BANGU,124,14,5.0,4.56,72.3,8.87,0,0,58,62,43,0,0
162,L04IPU2 - Estação Ilha Pura,78,2,5.0,5.0,0.0,0.0,0,0,53,57,52,0,0
160,846 - CAMPO GRANDE - RIO DA PRATA (VIA CABUCU),111,24,5.0,3.77,196.1,24.51,0,0,56,48,56,0,0
160,835 - LARGO DO CORREIA - CAMPO GRANDE (VIA CACHAMORRA),110,10,5.0,3.67,212.2,26.52,0,0,58,59,43,0,0
160,LCD144 - METRÔ VICENTE DE CARVALHO - TERMINAL MARGARIDAS (CIRCULAR),98,10,5.0,1.11,622.5,77.81,0,0,52,55,53,0,0
160,543 - NOVA IGUAÇU - MEIER (ENG. DENTRO),132,1,6.7,4.95,279.25,26.05,0,0,50,67,43,0,0
158,3 - PEDRO ALVERES CABRAL - NOVA HORIZONTE,98,2,5.5,5.0,79.3,9.13,0,0,57,57,44,0,0
158,840 - SAO FERNANDO X CAMPO GRANDE (VIA AV JOAO XXIII),114,24,5.0,3.74,198.4,25.11,0,0,58,58,42,0,0
158,746 - JABOUR - CASCADURA,140,14,5.0,3.93,168.7,21.35,0,0,72,53,33,0,0
158,7 - GUAXINDIBA X SAO GONÇALO,123,3,5.55,3.4,339.65,38.73,0,0,48,50,60,0,0
158,O07PQR2 - Estação Parque das Rosas,92,2,5.0,4.91,15.0,1.9,0,0,48,53,57,0,0
157,848 - CAMPO GRANDE - BAIRRO MONTE SANTO (CIRCULAR),84,18,5.0,3.92,170.1,21.67,0,0,54,58,45,0,0
156,625I - NOVA IGUAÇU - VILA DE CAVA (VIA CAIOABA),136,1,5.95,3.8,335.5,36.14,0,0,66,60,30,0,0
156,975 - MADUREIRA - TERMINAL FUNDÃO,122,16,5.0,2.44,399.7,51.24,0,0,46,43,67,0,0
156,O17INT2 - Estação Interlagos,94,2,5.0,5.0,0.0,0.0,0,0,54,45,57,0,0
155,6146E - CASTELO X ITAIPUAÇU RUA 66 (VIA BARROCO),127,3,20.25,8.58,1809.15,57.64,0,0,53,46,56,0,0
153,L14BOI2 - Estação Boiúna,87,4,5.0,5.0,0.0,0.0,0,0,52,45,56,0,0
153,515I - QUEIMADOS - CAMPO ALEGRE,106,2,6.7,4.96,266.9,26.04,0,0,57,42,54,0,0
153,4146F - CANDELÁRIA X ITAPUAÇU RECANTO (VIA VIVENDAS),113,1,20.25,8.82,1748.95,56.45,0,0,43,52,58,0,0
153,B13PRM2 - ESTAÇAO PISCINAO DE RAMOS,106,3,5.0,4.11,136.9,17.9,0,0,43,51,59,0,0
153,R4VRI - ESTAÇÃO VILA ROSALI - SUPERVIA,76,1,7.6,4.97,402.4,34.61,0,0,48,45,60,0,0
152,884 - SEPETIBA - CAMPO GRANDE,130,27,5.0,3.8,183.1,24.09,0,0,43,55,54,0,0
152,O21SAL2 - Estação Salvador Allende,109,4,5.0,3.84,175.9,23.14,0,0,54,50,48,0,0
148,979 - TERMINAL MADUREIRA - TERMINAL FUNDÃO,99,18,5.0,3.95,156.0,21.08,0,0,48,48,52,0,0
148,0403 - NOVA IGUAÇU - NOVA AMERICA ( VIA POSSE),116,1,5.95,4.13,268.75,30.52,0,0,67,48,33,0,0
148,12A - SANTA LUZIA - VENDA DA CRUZ,117,7,5.55,4.28,188.4,22.94,0,0,50,39,59,0,0
148,118 - NOVA IGUAÇU - ANTONIO CUNHA VIA SÃO JORGE,105,3,5.95,4.96,146.0,16.58,0,0,69,75,4,0,0
148,296 - CASTELO - IRAJA,132,21,5.0,2.82,322.2,43.54,0,0,54,44,50,0,0
148,498 - CIRCULAR DA PENHA - COSME VELHO,135,5,5.0,2.07,434.2,58.68,0,0,47,38,63,0,0
147,544R - MARICÁ X RIO DO OURO VIA FLAME,104,7,7.7,4.82,423.5,37.41,0,0,45,51,51,0,0
147,856 - CAPOEIRA GRANDE X C.GRANDE,114,23,5.0,3.92,158.6,21.58,0,0,42,56,49,0,0
145,826 - CAROBINHA - CAMPO GRANDE,125,11,5.0,3.98,147.9,20.4,0,0,37,44,64,0,0
145,24-A - PALMEIRAS - CENTRO,115,6,5.6,0.87,685.3,84.4,0,0,52,49,44,0,0
145,165 - COSME VELHO - TERMINAL GENTILEZA,97,8,5.0,1.41,520.6,71.81,0,0,42,57,46,0,0
144,C36GUA2 - Estação Guaporé,90,2,5.0,1.23,543.3,75.46,0,0,56,42,46,0,0
142,48SP - RIO DO OURO - PRAIA DE ICARAI,124,20,5.6,0.54,718.6,90.37,0,0,37,61,44,0,0
141,SN209 - CAJU - CANDELÁRIA,84,7,5.0,1.26,527.2,74.78,0,0,49,38,54,0,0
140,369 - LARGO DA CARIOCA - BANGU,100,16,5.0,3.23,248.2,35.46,0,0,52,44,44,0,0
140,SC067 - TERMINAL CAMPO GRANDE - TERMINAL DEODORO,113,21,5.0,3.81,166.1,23.73,0,0,66,36,38,0,0
138,7002 - S. JOÃO - VILAR DOS TELES (V. BELKIS),109,2,4.45,3.45,138.05,22.48,0,0,47,51,40,0,0
137,SN790 - CAMPO GRANDE - CASCADURA,127,9,5.0,3.7,178.2,26.01,0,0,27,59,51,0,0
136,798 - CAMPO GRANDE - TERMINAL DEODORO,117,10,5.0,3.94,144.4,21.24,0,0,56,28,52,0,0
135,O18PIT2 - Estação Pedra de Itaúna,94,2,5.0,5.0,0.0,0.0,0,0,44,39,52,0,0
134,415TMS2 - BARRA DA TIJUCA - MAGE,114,18,20.25,7.4,1722.5,63.48,0,0,36,44,54,0,0
134,25B - BANDEIRANTES-ALCÂNTARA (CIRCULAR),87,2,5.55,3.32,299.45,40.26,0,0,50,38,46,0,0
133,494 - AUSTIN - CENTRAL (VIA CACUIA),78,2,14.25,7.95,838.05,44.22,0,0,39,45,49,0,0
133,SP795 - PAVUNA - TERMINAL DEODORO,109,12,5.0,4.28,95.3,14.33,0,0,30,46,57,0,0
133,863 - RIO DAS PEDRAS - BARRA DA TIJUCA (VIA AV.AYRTON SENNA),100,17,5.0,2.88,281.8,42.38,0,0,55,38,40,0,0
133,SVB901 - BONSUCESSO - BANANAL (VIA PRAIA DE COCOTÁ),115,7,5.0,2.61,317.3,47.71,0,0,51,43,39,0,0
131,O09BSP2 - ESTAÇÃO BARRA SHOPPING - PARADOR,92,3,5.0,4.81,25.0,3.82,0,0,40,39,52,0,0
130,426 - USINA X JARDIM DE ALAH,104,29,5.0,2.59,312.9,48.14,0,0,46,44,39,1,0
129,C47GA12 - Estação Galeão - Tom Jobim 1,87,2,5.0,5.0,0.0,0.0,0,0,42,53,34,0,0
128,26A - MORRO DO CÉU - CENTRO,105,5,5.6,1.11,574.2,80.11,0,0,43,46,39,0,0
128,SC068 - TERMINAL BANGU - TERMINAL DEODORO,86,11,5.0,4.33,86.3,13.48,0,0,44,49,35,0,0
127,21 - JARDIM BOM RETIRO - FÓRUM,101,4,5.55,3.8,222.8,31.61,0,0,47,40,40,0,0
126,742P - CABUÇU - CAMPO GRANDE,92,2,7.7,5.34,297.25,30.64,0,0,44,38,44,0,0
125,492 - BANCÁRIO - PRADO JÚNIOR,100,13,5.0,4.2,99.6,15.94,0,0,43,48,34,0,0
125,794 - BANGU - CASCADURA,119,13,5.0,3.86,142.6,22.82,0,0,36,43,46,0,0
125,12146D - ITAIPUAÇU - CANDELÁRIA,100,5,20.25,7.42,1603.6,63.35,0,0,33,52,40,0,0
124,58A - FORUM - MARIA PAULA (IPIIBA),110,3,5.55,3.06,308.15,44.78,0,0,36,47,41,0,0
122,L09ABR2 - Estação Asa Branca,86,1,5.0,4.96,5.0,0.82,0,0,39,37,46,0,0
121,600 - Taquara X Pça.Saens Pena(Via C.Deus/Av. Men. Cortes/Boiuna),93,27,5.0,3.37,197.0,32.56,0,0,56,35,30,0,0
121,498 - CAIÇARAS - CENTRAL,67,3,14.25,8.73,667.6,38.72,0,0,42,37,42,0,0
120,796 - CAMPO GRANDE - TERMINAL DEODORO,109,8,5.0,4.08,110.2,18.37,0,0,35,39,46,0,0
120,802 - BANGU - CAMPO GRANDE (VIA RIO DA PRATA),89,13,5.0,4.24,90.9,15.15,0,0,52,38,30,0,0
120,503 - ALCÂNTARA - NITERÓI,112,1,7.55,5.04,300.8,33.1,0,0,59,61,0,0,0
120,821 - CAMPO GRANDE - CORCUNDINHA,101,11,5.0,4.03,116.6,19.43,0,0,42,47,31,0,0
119,133016 - CAMPO GRANDE - CAMPO LINDO,89,2,7.7,6.35,161.05,17.58,0,0,53,41,25,0,0
118,C12RPA2 - Estação Recanto das Palmeiras - Jardim São Luiz,66,2,5.0,5.0,0.0,0.0,0,0,36,44,38,0,0
117,026 - FLORÁLIA,102,3,5.6,0.84,557.5,85.09,0,0,42,31,44,0,0
117,585 - 22 DE ABRIL X CENTRAL,116,1,15.1,6.79,972.4,55.04,0,0,0,0,117,0,0
115,534A - NITERÓI - JACONÉ,84,2,14.25,9.3,568.85,34.72,0,0,39,44,32,0,0
114,SN634 - BANANAL - SAENS PENA,90,14,5.0,1.73,372.3,65.32,0,0,34,38,42,0,0
114,123 - Itaguaí - Mangaratiba - VIA BR-101,78,1,9.73,6.24,398.1,35.86,0,0,46,35,33,0,0
113,901 - BONSUCESSO - BANANAL (VIA JARDIM GUANABARA),99,8,5.0,2.77,251.6,44.53,0,0,45,42,26,0,0
113,30A - SÃO PEDRO - FÓRUM (VIA PACHECO),89,2,5.55,3.83,194.3,30.98,0,0,59,31,23,0,0
111,614 - DEL CASTILHO X ALVORADA,106,7,5.0,4.46,60.0,10.81,0,0,40,7,64,0,0
111,02 - SÃO JOÃO - VILA HUMAITÁ (CIRCULAR),75,3,4.45,2.72,192.4,38.95,0,0,31,36,44,0,0
111,LECD127 - GÁVEA (PUC) X CASTELO,103,11,5.0,4.5,55.0,9.91,0,0,38,37,36,0,0
108,803 - SENADOR CAMARA - ALVORADA,75,34,5.0,3.53,158.9,29.43,0,0,41,38,29,0,0
108,485 - PENHA - GENERAL OSORIO (VIA TUNEL SANTA BARBARA),100,3,5.0,3.13,201.8,37.37,0,0,35,32,41,0,0
108,SN324 - RIBEIRA - CANDELÁRIA,79,15,5.0,1.48,380.0,70.37,0,0,28,33,47,0,0
105,946 - PAVUNA - ENGENHO DA RAINHA (VIA AVENIDA DOM HELDER CAMARA),84,24,5.0,3.94,110.8,21.1,0,0,34,41,30,0,0
105,122 - Itaguaí - Itacuruça - VIA BR-101,65,2,8.17,6.27,199.45,23.46,0,0,39,32,34,0,0
103,580-M - NITERÓI - TRIBOBÓ (VIA SANTA BÁRBARA),90,6,5.6,0.91,483.3,83.79,0,0,31,37,35,0,0
102,852 - CAMPO GRANDE - PEDRA DE GUARATIBA (VIA MATO ALTO - CIRCULAR),86,16,5.0,3.84,118.7,23.27,0,0,31,32,39,0,0
101,O27GLK2 - Estação Gilka Machado,73,2,5.0,5.0,0.0,0.0,0,0,39,23,39,0,0
101,764 - CATIRI - TERMINAL DEODORO,87,6,5.0,3.79,122.5,24.26,0,0,46,27,28,0,0
100,L08MPR2 - Estação Minha Praia,57,2,5.0,3.9,110.0,22.0,0,0,41,28,31,0,0
100,940 - RAMOS (PRAIA) - MADUREIRA,79,13,5.0,2.55,244.6,48.92,0,0,40,33,27,0,0
100,SN399 - PAVUNA - PASSEIO,71,15,5.0,2.66,233.7,46.74,0,0,31,38,31,0,0
100,34 - LARGO BATALHA - CUBANGO,80,4,5.6,0.83,476.7,85.12,0,0,41,31,28,0,0
99,915 - BONSUCESSO - AIRJ (CIRCULAR),70,7,5.0,4.12,86.8,17.54,0,0,36,28,35,0,0
98,42T - BARRETO - CENTRO (VIA RODOVIÁRIA),81,4,5.6,0.5,499.5,91.02,0,0,35,37,26,0,0
97,547L - NOVA IGUAÇU - RICARDO DE ALBUQUERQUE,79,1,6.7,4.33,230.25,35.43,0,0,31,38,28,0,0
96,O05RIV2 - Estação Riviera,71,2,5.0,4.84,15.0,3.12,0,0,36,30,30,0,0
95,46P - RJ 106 X CENTRO,87,10,5.6,0.85,451.3,84.83,0,0,27,42,26,0,0
95,834 - LARGO DO CORREIA - CAMPO GRANDE (VIA ESTRADA MONTEIRO),69,9,5.0,4.25,71.3,15.01,0,0,32,29,34,0,0
95,238 - AGUA SANTA - PRACA XV (CIRCULAR),76,12,5.0,4.72,26.7,5.62,0,0,36,34,25,0,0
93,570P - ITAGUAÍ - MARECHAL HERMES,70,7,6.7,5.49,112.6,18.07,0,0,31,30,32,0,0
93,49 - ITAITINDIBA - ALCÂNTARA,79,1,5.55,3.43,197.35,38.23,0,0,27,34,32,0,0
92,LCD143 - PAVUNA - TERMINAL MARGARIDAS,69,7,5.0,3.66,122.9,26.72,0,0,36,45,11,0,0
92,457 - ABOLICAO - GEN.OSORIO (VIA TUNEL SANTA BARBARA),82,8,5.0,1.77,297.4,64.65,0,0,29,28,35,0,0
91,07A - GUAXINDIBA X ALCANTARA,79,1,5.55,2.29,296.75,58.76,0,0,31,25,35,0,0
91,815 - MAGE X VALE DAS PEDRINHAS,64,2,6.7,3.62,280.3,45.97,0,0,24,35,32,0,0
91,O04AFC2 - Estação Afrânio Costa,56,2,5.0,4.86,12.3,2.7,0,0,23,33,35,0,0
91,415TMV2 - BARRA DA TIJUCA - MAGE,85,14,20.25,8.02,1113.15,60.41,0,0,32,28,31,0,0
91,350 - IRAJA - PASSEIO,71,12,5.0,3.13,170.4,37.45,0,0,29,26,36,0,0
91,847 - CAMPO GRANDE - RIO DA PRATA (VIA LAMEIRAO),64,8,5.0,3.55,131.7,28.95,0,0,30,37,24,0,0
91,500 - SÃO GONÇALO X ALDEIA DA PRATA,74,1,7.69,5.36,212.55,30.22,0,0,23,17,51,0,0
90,2012 - NOVA IGUAÇU - FACULDADE,67,2,5.95,5.43,46.4,8.66,0,0,30,26,34,0,0
89,507 - LARGO DO MACHADO - SILVESTRE,80,6,5.0,3.54,129.8,29.17,0,0,2,66,21,0,0
87,805 - MAGE X PARAISO,75,4,9.1,3.67,472.6,59.69,0,0,21,26,40,0,0
87,837 - CAMPO GRANDE X CONJ. MARINHA,57,10,5.0,4.12,76.7,17.63,0,0,36,28,23,0,0
87,954 - TAQUARA X RECREIO (VIA BENVINDO DE NOVAES),67,29,5.0,3.36,143.1,32.9,0,0,27,35,25,0,0
87,C33VKO2 - Estação Vila Kosmos - Nossa Senhora do Carmo,54,2,5.0,4.81,16.5,3.79,0,0,30,30,27,0,0
86,585I - NOVA IGUAÇU - JACERUBA,80,2,6.7,3.92,238.65,41.42,0,0,30,24,32,0,0
86,843 - CAMPO GRANDE X BOA ESPERANÇA,68,8,5.0,3.57,122.8,28.56,0,0,26,34,26,0,0
86,"457UD - CONCEIÇÃO DE JACAREÍ - ITAGUAÍ (VIA MANGARATIBA) ""SAC""",71,3,14.74,6.77,685.7,53.23,0,0,11,41,34,0,0
86,L18SJM2 - Estação São José de Magalhães Bastos,60,1,5.0,3.76,106.3,24.72,0,0,27,29,30,0,0
86,857 - C.GRANDE X PINGO DÁGUA (VIA CACHAMORRA),71,18,5.0,3.74,108.3,25.19,0,0,33,24,29,0,0
84,389 - VILA ALIANCA - CANDELARIA,78,6,5.0,3.82,98.9,23.55,0,0,30,19,35,0,0
84,275 - MÉIER X CASTELO (CIRCULAR),70,8,5.0,2.82,183.5,43.69,0,0,26,38,20,0,0
83,LCD141 - TERMINAL MARGARIDAS - MÉIER,76,17,5.0,4.31,57.5,13.86,0,0,22,36,25,0,0
83,850 - MENDANHA - CAMPO GRANDE,61,10,5.0,4.03,80.7,19.45,0,0,30,25,28,0,0
82,537C - NITERÓI - ITAIPU,55,4,9.1,4.81,351.95,47.16,0,0,26,29,27,0,0
82,SN328 - BANANAL X CANDELARIA,75,7,5.0,1.37,297.3,72.51,0,0,28,27,27,0,0
81,O11BOB2 - Estação Bosque da Barra,60,1,5.0,5.0,0.0,0.0,0,0,23,27,31,0,0
81,1011 - YPIRANGA X MAGE (VIA SURUI - DPO),59,2,3.9,2.07,147.85,46.8,0,0,27,32,22,0,0
81,C02AJC2 - Estação Aeroporto de Jacarepaguá,55,2,5.0,4.69,25.0,6.17,0,0,29,23,29,0,0
81,655 I - N IGUAÇU - VILA EMIL (VIA COSMORAMA),66,1,6.7,5.23,118.9,21.91,0,0,29,25,27,0,0
80,SN393 - BANGU - CANDELÁRIA,72,5,5.0,2.84,172.5,43.12,0,0,29,35,16,0,0
79,L19VLM2 - Estação Vila Militar,58,2,5.0,4.84,12.5,3.16,0,0,28,19,32,0,0
79,SR342 - JARDIM AMERICA - CASTELO,65,11,5.0,2.43,203.2,51.44,0,0,17,28,34,0,0
79,20 - M ARIA RITA X ALCANTARA,68,3,5.55,3.49,162.8,37.13,0,0,25,28,26,0,0
78,913 - DEL CASTILHO X FUNDÃO ( VIA CIDADE UNIVERSITARIA ),57,6,5.0,2.7,179.6,46.05,0,0,20,28,30,0,0
77,830 - PEDREGOSO - CAMPO GRANDE,49,9,5.0,4.15,65.4,16.99,0,0,22,28,27,0,0
77,836 - CAMPO GRANDE - CABLOCOS (CIRCULAR),58,9,5.0,4.25,57.5,14.94,0,0,25,29,23,0,0
77,SN497 - PENHA - LARGO DO MACHADO,75,2,5.0,3.01,152.9,39.71,0,0,30,31,16,0,0
77,900 - MERCK - DOWNTOWN,57,29,5.0,2.47,194.8,50.6,0,0,24,29,24,0,0
77,C43SLU2 - Estação Santa Luzia,55,4,5.0,4.81,15.0,3.9,0,0,33,26,18,0,0
76,02 - CIRCULAR,70,3,5.55,3.73,138.2,32.76,0,0,29,30,17,0,0
75,57 - ALACOMBA - FORUM,70,4,5.55,3.88,125.0,30.03,0,0,24,23,28,0,0
75,849 - BASE AEREA DE SANTA CRUZ - CAMPO GRANDE,65,14,5.0,4.3,52.5,14.0,0,0,22,22,31,0,0
75,SR384 - PAVUNA - PASSEIO,66,13,5.0,3.31,126.5,33.73,0,0,28,24,23,0,0
74,L10LDZ2 - Estação Leila Diniz,50,4,5.0,5.0,0.0,0.0,0,0,28,20,26,0,0
74,34L - AMENDOEIRA - FÓRUM,52,1,5.55,4.92,46.6,11.35,0,0,26,18,30,0,0
74,741 - TERMINAL SULACAP - BANGU,69,11,5.0,4.37,46.9,12.68,0,0,16,40,18,0,0
74,SN696 - MEIER - PRAIA DO DENDE,47,19,5.0,1.15,285.0,77.03,0,0,28,18,28,0,0
74,600M - TANGUÁ - ITABORAÍ (VIA POSSE),41,4,6.7,5.26,106.8,21.54,0,0,27,20,27,0,0
73,L13OST2 - Estação Outeiro Santo,47,4,5.0,5.0,0.0,0.0,0,0,23,24,26,0,0
73,652 - MÉIER - CASCADURA (VIA LINS),67,5,5.0,3.08,140.0,38.36,0,0,13,43,17,0,0
73,O03PMR2 - Estação Paulo Malta Rezende,48,2,5.0,4.93,5.0,1.37,0,0,21,24,28,0,0
72,651I - MESQUITA - MARGARIDAS (VIA VIA LIGHT),66,5,6.7,5.9,57.55,11.93,0,0,13,41,18,0,0
72,B18BEN2 - ESTAÇAO BENFICA,48,3,5.0,4.72,20.0,5.56,0,0,27,23,22,0,0
71,38 - JARDIM SÃO LOURENÇO - FÓRUM,63,2,5.55,3.38,154.25,39.14,0,0,28,22,21,0,0
71,201 - SANTA ALEXANDRINA  X  CASTELO,50,5,5.0,2.5,177.4,49.97,0,0,22,22,27,0,0
71,SN104 - SÃO CONRADO - TERMINAL GENTILEZA,62,6,5.0,2.32,190.0,53.52,0,0,20,27,24,0,0
71,L20TCO2 - Terminal Centro Olímpico,42,2,5.0,5.0,0.0,0.0,0,0,20,27,24,0,0
71,771 - CAMPO GRANDE - METRÔ COELHO NETO,68,6,5.0,3.74,89.6,25.24,0,0,26,12,33,0,0
71,L15MFO2 - Estação Marechal Fontenelle,51,2,5.0,4.94,4.6,1.3,0,0,26,23,22,0,0
70,C24ECP2 - Estação Campinho,48,2,5.0,3.97,71.9,20.54,0,0,27,20,23,0,0
70,125Q - ALDEIA DA PRATA - SÃO GONÇALO,55,4,7.1,6.16,65.7,13.22,0,0,20,28,22,0,0
69,LINHA2 - PRAIA FORMOSA - PRAÇA XV,67,30,5.0,3.54,100.4,29.1,0,0,39,14,16,0,0
69,O26NOB2 - Estação Nova Barra,45,2,5.0,5.0,0.0,0.0,0,0,24,20,25,0,0
69,524M - NITEROI X PONTAL,66,1,7.1,5.54,107.6,21.96,0,0,0,0,69,0,0
68,743 - TERMINAL SULACAP - BANGU,64,12,5.0,4.16,56.9,16.74,0,0,27,20,21,0,0
68,L21POL2 - Estação Parque Olímpico,48,1,5.0,5.0,0.0,0.0,0,0,24,24,20,0,0
68,L06RCT2 - Estação Riocentro,43,2,5.0,4.93,5.0,1.47,0,0,24,23,21,0,0
67,LCD139 - SAENS PEÑA - GÁVEA,65,5,5.0,4.45,36.95,11.03,0,0,7,49,11,0,0
67,645 - JARDIM OCEÂNICO - PÇ S.PENA,53,9,5.0,2.61,160.0,47.76,0,0,26,21,20,0,0
66,SN483 - PENHA X GENERAL OSORIO,65,3,5.0,2.49,165.8,50.24,0,0,30,17,19,0,0
66,616 - DEL CASTILHO - FUNDAO (VIA CIDADE UNIVERSITARIA),51,6,5.0,2.78,146.4,44.36,0,0,19,26,21,0,0
66,928 - MARECHAL HERMES - RAMOS,57,13,5.0,3.75,82.6,25.03,0,0,19,19,28,0,0
65,20A - BAIRRO ALMERINDA - BOA VISTA,57,1,5.55,3.39,140.1,38.84,0,0,25,21,19,0,0
65,478I - MESQUITA - MARGARIDAS  (VIA CHATUBA),58,5,6.7,5.16,99.9,22.94,0,0,19,26,20,0,0
64,6 - SANTA TEREZA - CASTELO (CIRCULAR),57,3,5.0,2.82,139.2,43.5,0,0,24,11,29,0,0
64,701-M - ITABORAÍ - LARGO DA IDEIA,39,5,7.1,5.37,110.65,24.35,0,0,19,21,24,0,0
64,517M - FAZENDA DOS MINEIROS - NITERÓI ( VIA PORTO VELHO ),59,2,7.1,3.96,201.2,44.28,0,0,37,0,27,0,0
64,C31MAR2 - Estação Marambaia,39,2,5.0,4.96,2.3,0.72,0,0,20,26,18,0,0
64,25 - JD.TIRADENTES - ALCANTARA (CIRCULAR),44,2,5.55,4.05,95.7,26.94,0,0,19,22,23,0,0
64,691 - MEIER - ALVORADA (VIA TAQUARA/LINHA AMARELA),52,12,5.0,3.85,73.7,23.03,0,0,17,19,28,0,0
63,17 - SÃO FRANCISCO - CENTRO (VIA FROES),62,8,5.6,1.36,267.3,75.77,0,0,23,26,14,0,0
63,SR300 - SULACAP - CANDELÁRIA,54,2,5.0,1.63,212.0,67.3,0,0,16,27,20,0,0
61,866 - PEDRA DE GUARATIBA - CAMPO GRANDE (VIA MAGARCA),56,9,5.0,3.75,76.3,25.02,0,0,15,22,24,0,0
61,C18ACB2 - Estação Aracy Cabral,42,2,5.0,5.0,0.0,0.0,0,0,21,21,19,0,0
61,C42CMO2 - Estação Cardoso de Moraes - Viúva Garcia,39,2,5.0,4.86,8.7,2.85,0,0,15,22,24,0,0
60,801 - BANGU X TAQUARA,48,22,5.0,4.28,43.5,14.5,0,0,23,14,23,0,0
60,711 - ROCHA MIRANDA - RIO COMPRIDO,49,17,5.0,3.82,71.1,23.7,0,0,16,25,19,0,0
59,845 - CANTAGALO - CAMPO GRANDE (CIRCULAR),52,7,5.0,3.98,60.1,20.37,0,0,24,19,16,0,0
59,SN624 - MARIÓPOLIS - PRAÇA DA BANDEIRA,47,9,5.0,3.66,79.2,26.85,0,0,22,22,15,0,0
59,SP328 - BANANAL - TERMINAL FUNDAO,55,16,5.0,2.53,145.7,49.39,0,0,19,16,24,0,0
59,990 - MERCK - JOATINGA,46,11,5.0,2.63,140.0,47.46,0,0,23,16,20,0,0
58,13A - STA LUZIA - NEVES (PORTO VELHO),52,8,5.55,3.97,91.7,28.49,0,0,27,12,19,0,0
57,SN794 - BANGU - CASCADURA,54,6,5.0,3.87,64.5,22.63,0,0,28,11,18,0,0
57,C23PTL2 - Estação Pinto Teles,39,2,5.0,5.0,0.0,0.0,0,0,22,20,15,0,0
57,476 - MEIER - LEBLON (VIA T.REBOUCAS) CIRCULAR,47,14,5.0,4.44,32.2,11.3,0,0,18,19,20,0,0
57,24 - PARADA ANGELICA - CAMPOS ELISEOS,47,1,5.3,2.55,156.6,51.84,0,0,3,29,25,0,0
57,20 - BELA VISTA - PARQUE DAS MISSOES,33,2,5.0,3.76,70.8,24.84,0,0,21,21,15,0,0
57,SR386 - ANCHIETA - CANDELÁRIA,47,9,5.0,3.86,65.2,22.88,0,0,22,19,16,0,0
56,825 - CAMPO GRANDE - JESUITAS (VIA SANTA CRUZ),54,8,5.0,4.22,43.6,15.57,0,0,23,21,12,0,0
56,SN415 - USINA X LEBLON (VIA PRAIA DO FLAMENGO) [ SERVIÇO NOTURNO],47,6,5.0,2.77,125.0,44.64,0,0,12,26,18,0,0
56,1001 - ANDORINHAS X MAGE,51,3,3.9,3.47,24.3,11.13,0,0,23,5,28,0,0
55,892 - SANTA CRUZ - SAO BENEDITO (VIA MATADOURO),33,8,5.0,4.83,9.1,3.31,0,0,23,15,17,0,0
53,878 - TANQUE - ALVORADA,41,22,5.0,3.16,97.3,36.72,0,0,15,18,20,0,0
53,C37PJS2 - Estação Pastor José Santos,34,2,5.0,3.75,66.5,25.09,0,0,21,13,19,0,0
52,SV908 - BONSUCESSO - GUADALUPE,39,2,5.0,4.25,39.2,15.08,0,0,16,19,17,0,0
52,627 - INHAUMA - SANES PENA,42,15,5.0,3.9,57.0,21.92,0,0,18,18,16,0,0
52,SN422 - GRAJAÚ - COSME VELHO,38,8,5.0,4.33,35.0,13.46,0,0,14,18,20,0,0
52,1012 - VILA INCA X MAGE,39,1,3.5,2.08,73.7,40.49,0,0,15,16,21,0,0
52,55 - BAIRRO PALMEIRAS - ALCÂNTARA (N. CIDADE/TRINDADE),51,2,5.55,2.5,158.55,54.94,0,0,20,32,0,0,0
52,O01JOM2 - Terminal Jardim Oceânico - Mezainino,41,9,5.0,4.37,32.9,12.65,0,0,20,17,15,0,0
51,179 - CHARITAS X GALEAO,41,2,14.25,8.77,279.35,38.44,0,0,20,31,0,0,0
51,31 - AMAPA - SASE,39,1,5.0,3.71,65.8,25.8,0,0,21,20,10,0,0
51,810 - TAQUARA X PONTAL,36,15,5.0,3.28,87.7,34.39,0,0,15,21,15,0,0
50,C09PBA2 - Estação Praça do Bandolim,36,2,5.0,5.0,0.0,0.0,0,0,12,20,18,0,0
49,O23GUI2 - Estação Guignard,32,2,5.0,5.0,0.0,0.0,0,0,15,12,22,0,0
49,144C - SÃO GONÇALO - DUQUE DE CAXIAS ( VIA DOUTOR MARCH ),47,2,15.95,7.27,425.55,54.45,0,0,15,32,2,0,0
48,651 - MÉIER - CASCADURA (VIA ARQUIAS CORDEIROS),40,8,5.0,3.99,48.7,20.29,0,0,20,16,12,0,0
48,SN908 - BONSUCESSO - GUADALUPE,41,7,5.0,4.03,46.4,19.33,0,0,13,17,18,0,0
46,O19PBS2 - ESTAÇÃO PONTÕES - BARRA SUL,32,2,5.0,5.0,0.0,0.0,0,0,15,13,18,0,0
45,807 - JESUITAS X SANTA CRUZ (CIRCULAR),36,10,5.0,4.1,40.3,17.91,0,0,13,13,19,0,0
45,O56PSP2 - Estação Parque São Paulo,27,2,5.0,5.0,0.0,0.0,0,0,17,12,16,0,0
45,833 - CONJUNTO MANGUARIBA - CAMPO GRANDE,39,7,5.0,4.22,35.3,15.69,0,0,27,4,14,0,0
44,893 - JARDIM PALMARES - CAMPO GRANDE,41,6,5.0,4.17,36.4,16.55,0,0,12,11,21,0,0
44,L12COL2 - Estação Colônia,30,3,5.0,5.0,0.0,0.0,0,0,13,17,14,0,0
44,861 - RIO DAS PEDRAS - CURICICA(VIA CIDADE DE DEUS),42,14,5.0,3.2,79.2,36.0,0,0,13,16,15,0,0
43,868 - URUCANIA - CAMPO GRANDE,36,9,5.0,4.2,34.3,15.95,0,0,8,18,17,0,0
43,SN457 - ABOLIÇÃO - COPACABANA,41,10,5.0,3.95,45.0,20.93,0,0,6,15,22,0,0
43,239 - AGUA SANTA - CASTELO (VIA 24 DE MAIO) CIRC.,38,6,5.0,4.33,29.0,13.49,0,0,22,13,8,0,0
42,1001 - NOVA IGUAÇU - K-11,35,1,5.95,5.18,32.2,12.89,0,0,16,15,11,0,0
41,SN363 - VILA VALQUEIRE X CANDELARIA,29,8,5.0,4.5,20.6,10.05,0,0,10,12,19,0,0
41,SV866 - CINCO MARIAS - CAMPO GRANDE (CIRCULAR),40,8,5.0,3.7,53.5,26.1,0,0,21,14,6,0,0
41,601 - PÇA. SAENS PENA X SANTA MARIA (VIA AV. MENEZES CORTES),37,11,5.0,3.41,65.2,31.8,0,0,12,8,21,0,0
40,"122T - ITAGUAÍ - MANGARATIBA ""SA""",37,10,9.1,5.27,153.1,42.06,0,0,23,10,7,0,0
40,611 - CAMORIM X DEL CASTILHO (VIA CURICICA/ LINHA AMARELA),36,9,5.0,3.32,67.4,33.7,0,0,17,16,7,0,0
40,479I - MESQUITA - MARGARIDAS (VIA EDSON PASSOS),40,7,6.7,4.4,91.8,34.25,0,0,26,5,9,0,0
40,254 - MADUREIRA - CANDELARIA,36,7,5.0,3.7,52.2,26.1,0,0,17,9,14,0,0
40,1002 - PIABETA X ANDORINHA (VIA RUA SAQUAREMA),32,2,3.9,1.93,78.6,50.38,0,0,11,14,15,0,0
40,851 - AUGUSTO VASCONCELOS - CAMPO GRANDE (VIA ESCOLA AMAZONAS),35,7,5.0,3.65,53.9,26.95,0,0,13,17,10,0,0
39,775 - NOVA AURORA X MIGUEL COUTO,30,1,6.7,4.26,95.3,36.47,0,0,14,9,16,0,0
39,TRO4 - SÃO CONRADO X RODOVIÁRIA,35,1,5.0,2.31,105.0,53.85,0,0,18,21,0,0,0
39,SP324 - RIBEIRA - TERMINAL FUNDAO,31,2,5.0,1.79,125.0,64.1,0,0,11,15,13,0,0
39,SN474 - MEIER X COPACABANA,35,5,5.0,3.21,70.0,35.9,0,0,14,12,13,0,0
39,LCD145 - METRÔ VICENTE DE CARVALHO - TERMINAL MARGARIDAS (CIRCULAR),35,5,5.0,1.32,143.5,73.59,0,0,12,12,15,0,0
38,881 - TAQUARA  - TERMINAL ALVORADA,28,12,5.0,4.03,36.8,19.37,0,0,21,9,8,0,0
38,O39PDG2 - ESTAÇÃO PINGO D'ÁGUA,26,7,5.0,5.0,0.0,0.0,0,0,9,14,15,0,0
38,809 - SAGRADO CORAÇAO - SANTA CRUZ,29,6,5.0,4.55,17.2,9.05,0,0,10,14,14,0,0
37,841 - CAMPO GRANDE - INHOAÍBA,33,5,5.0,4.21,29.3,15.84,0,0,7,16,14,0,0
37,561A - DUQUE DE CAXIAS  FREGUESIA (VIA JACAREPAGUÁ),21,1,11.7,3.96,286.5,66.18,0,0,12,10,15,0,0
37,338 - TAQUARA - CANDELARIA,32,2,5.0,2.69,85.6,46.27,0,0,0,15,22,0,0
37,SN298 - ACARI X CASTELO,29,11,5.0,3.11,69.9,37.78,0,0,16,12,9,0,0
36,1007 - PIABETÁ - CONCEIÇÃO (MAGÉ),34,4,3.9,2.31,57.3,40.81,0,0,9,18,9,0,0
36,1008 - BARAO DE IRIRI X MAGE,32,2,3.5,1.25,81.0,64.29,0,0,6,22,8,0,0
35,1 - CITROLANDIA - GUAPI,31,4,4.5,2.02,86.7,55.05,0,0,11,12,12,0,0
35,LCD132 - NORTE SHOPPING - COPACABANA,31,8,5.0,3.15,64.8,37.03,0,0,14,6,15,0,0
35,SR397 - CAMPO GRANDE X CARIOCA (VIA BANGU - AV.BRASIL),35,9,5.0,2.77,78.1,44.63,0,0,3,12,20,0,0
35,SN312 - PENHA - CANDELÁRIA,27,6,5.0,4.29,25.0,14.29,0,0,11,13,11,0,0
35,819 - JARDIM BANGU X BANGU,26,5,5.0,4.24,26.6,15.2,0,0,15,9,11,0,0
35,678 - MEIER - VALQUEIRE,25,7,5.0,3.9,38.6,22.06,0,0,13,9,13,0,0
35,C35PCA2 - Estação Praça do Carmo,21,2,5.0,5.0,0.0,0.0,0,0,13,11,11,0,0
34,513 - URCA X BOTAFOGO (CIRCULAR),23,1,5.0,0.81,142.3,83.71,0,0,11,14,9,0,0
34,SP329 - BANCARIOS - TERMINAL FUNDAO,30,4,5.0,2.02,101.2,59.53,0,0,10,12,12,0,0
34,786 - MARECHAL HERMES - CAMPO GRANDE,32,12,5.0,3.76,42.0,24.71,0,0,8,9,17,0,0
33,C30VAL2 - Estação Vaz Lobo,20,2,5.0,5.0,0.0,0.0,0,0,8,11,14,0,0
33,C34PTQ2 - Estação Pedro Taques,24,2,5.0,4.93,2.3,1.39,0,0,11,10,12,0,0
32,869 - SANTA MARGARIDA - CAMPO GRANDE,31,5,5.0,4.26,23.7,14.81,0,0,12,11,9,0,0
32,10 - FATIMA - CENTRAL (CIRCULAR),28,3,5.0,2.74,72.4,45.25,0,0,15,12,5,0,0
32,SN383 - REALENGO - PRACA DA REPUBLICA,31,1,5.0,3.82,37.8,23.62,0,0,17,13,2,0,0
32,C08CUR2 - Estação Curicica,27,1,5.0,5.0,0.0,0.0,0,0,10,13,9,0,0
31,C22CME2 - Estação Capitão Menezes,22,2,5.0,5.0,0.0,0.0,0,0,10,12,9,0,0
31,854 - BRT ILHA X C.GRANDE,26,6,5.0,4.44,17.4,11.23,0,0,11,12,8,0,0
31,857SN - C.GRANDE X PINGO DÁGUA (VIA CACHAMORRA),23,8,5.0,4.48,16.1,10.39,0,0,11,12,8,0,0
31,O38MAG2 - Estação Magarça,17,5,5.0,5.0,0.0,0.0,0,0,9,8,14,0,0
31,O44GRA2 - Estação Gastão Rangel,18,2,5.0,3.72,39.6,25.55,0,0,11,10,10,0,0
31,O54SEU2 - Estação Santa Eugênia,18,2,5.0,3.55,45.0,29.03,0,0,12,8,11,0,0
31,O42COS2 - Estação Curral Falso,21,4,5.0,4.7,9.2,5.94,0,0,11,10,10,0,0
31,SN388 - SANTA CRUZ X CANDELÁRIA,29,3,5.0,3.1,58.9,38.0,0,0,8,23,0,0,0
31,B01TDO - Terminal Deodoro - Transolímpica,24,1,5.0,4.35,20.0,12.9,0,0,0,17,14,0,0
30,22 - STA CRUZ DA SERRA X P.ANGELICA (VIA JARDIM OLIMPO),27,1,5.3,4.09,36.4,22.89,0,0,12,10,8,0,0
30,L11VEM2 - Estação Ventura,16,2,5.0,5.0,0.0,0.0,0,0,9,10,11,0,0
30,812 - CAROBINHA - BANGU,29,2,5.0,3.17,54.9,36.6,0,0,9,12,9,0,0
30,653 - MEIER - TERMINAL DEODORO,30,2,5.0,4.37,18.8,12.53,0,0,11,6,13,0,0
30,550 - CIDADE DE DEUS - GAVEA,26,24,5.0,2.72,68.3,45.53,0,0,14,8,8,0,0
29,SR393 - BANGU X CASTELO,29,6,5.0,3.36,47.5,32.76,0,0,8,21,0,0,0
29,693 - MEIER - TERMINAL ALVORADA,26,4,5.0,4.01,28.6,19.72,0,0,6,8,15,0,0
29,C16ARO2 - Estação André Rocha,21,2,5.0,5.0,0.0,0.0,0,0,12,12,5,0,0
29,L16SUL2 - Terminal Sulacap,18,6,5.0,4.01,28.7,19.79,0,0,8,12,9,0,0
28,SVA685 - IRAJA - MEIER (VIA EMBAU),25,10,5.0,3.52,41.3,29.5,0,0,8,10,10,0,0
28,C11VSP2 - Estação Vila Sapê - IV Centenário,15,2,5.0,5.0,0.0,0.0,0,0,12,7,9,0,0
28,37-A - BOAÇU - FÓRUM,25,1,5.55,3.7,51.85,33.37,0,0,9,15,4,0,0
28,TRO1 - GENERAL OSÓRIO X CENTRAL,28,1,5.0,1.41,100.4,71.71,0,0,0,0,28,0,0
28,L17PJC2 - Estação Padre João Chribbin,17,2,5.0,5.0,0.0,0.0,0,0,8,12,8,0,0
28,O58ICU2 - Estação Icurana,16,2,5.0,5.0,0.0,0.0,0,0,13,7,8,0,0
28,SN355 - MADUREIRA - PRAÇA TIRADENTES,18,6,5.0,4.11,25.0,17.86,0,0,8,13,7,0,0
28,SN840 - SAO FERNANDO X CAMPO GRANDE,22,4,5.0,4.92,2.3,1.64,0,0,9,9,10,0,0
28,O59VLC2 - Estação Vilar Carioca,16,2,5.0,5.0,0.0,0.0,0,0,10,8,10,0,0
27,SN825 - CAMPO GRANDE - JESUITAS,18,6,5.0,4.79,5.6,4.15,0,0,10,7,10,0,0
26,895 - SERRINHA - CAMPO GRANDE,25,5,5.0,4.17,21.5,16.54,0,0,11,10,5,0,0
26,SN232 - LINS DE VASCONCELOS - CASTELO,22,7,5.0,2.5,65.0,50.0,0,0,9,9,8,0,0
26,SN893 - JARDIM PALMARES - CAMPO GRANDE,22,1,5.0,4.1,23.3,17.92,0,0,13,9,4,0,0
25,O45GOL2 - Estação General Olímpio,18,2,5.0,2.12,71.9,57.52,0,0,5,9,11,0,0
25,SN302 - RODOVIARIA X TERMINAL ALVORADA,19,7,5.0,1.0,100.0,80.0,0,0,9,6,10,0,0
25,O37MAT2 - Estação Mato Alto,19,5,5.0,3.15,46.2,36.96,0,0,12,7,6,0,0
25,871 - SEPETIBA - CESARÃO (V.CROACIA),22,11,5.0,4.2,20.1,16.08,0,0,12,11,2,0,0
25,O67PAP2 - Estação Prefeito Alim Pedro,17,2,5.0,1.88,77.9,62.32,0,0,5,13,7,0,0
24,C40IBI2 - Estação Ibiapina,14,2,5.0,5.0,0.0,0.0,0,0,9,10,5,0,0
24,822 - CAMPO GRANDE - CORCUNDINHA,24,3,5.0,4.12,21.2,17.67,0,0,7,11,6,0,0
24,O43CAJ2 - Estação Cajueiros,17,2,5.0,4.9,2.3,1.92,0,0,11,7,6,0,0
24,31 - PRAIA DA LUZ X BARRETO,22,1,5.55,4.42,27.05,20.31,0,0,13,9,2,0,0
24,885 - SANTA CRUZ - PIRAQUE,17,8,5.0,4.58,10.2,8.5,0,0,9,7,8,0,0
23,O28GNO2 - Estação Guiomar Novaes,17,2,5.0,4.57,10.0,8.7,0,0,6,6,11,0,0
23,08 - QUEIMADOS - POSTO DE SAUDE,15,4,5.0,4.7,7.0,6.09,0,0,8,9,6,0,0
23,SN846 - RIO DA PRATA - TERMINAL CAMPO GRANDE,17,5,5.0,5.0,0.0,0.0,0,0,5,9,9,0,0
23,SP810 - TAQUARA - VARGEM GRANDE,21,7,5.0,3.37,37.5,32.61,0,0,8,11,4,0,0
23,O49CES2 - Estação Cesarão III,17,2,5.0,4.86,3.3,2.87,0,0,6,9,8,0,0
23,SV363 - VILA VALQUEIRE - CANDELARIA,22,3,5.0,3.25,40.2,34.96,0,0,13,0,10,0,0
21,SR355 - MADUREIRA - PRAÇA TIRADENTES,20,2,5.0,2.93,43.5,41.43,0,0,8,10,3,0,0
21,C10APA2 - Estação Arroio Pavuna,11,2,5.0,5.0,0.0,0.0,0,0,9,4,8,0,0
21,922 - TUBIACANGA X FUNDÃO,15,3,5.0,1.58,71.9,68.48,0,0,8,6,7,0,0
20,SN897 - PACIENCIA - TERMINAL PINGO DAGUA,14,3,5.0,4.84,3.3,3.3,0,0,10,2,8,0,0
20,"1407 - NOVA IGUAÇU - COMEND. SOARES, VIA C.COMPACTOR",20,3,5.95,4.84,22.3,18.74,0,0,5,5,10,0,0
20,774SV - MADUREIRA-J.AMERICA(V.SHOPPING VIA BRASIL)CIRC.,20,2,5.0,3.61,27.8,27.8,0,0,0,14,6,0,0
20,385 - VILLAGE PAVUNA X PASSEIO (VIA CAMBOATA),20,2,5.0,3.0,40.0,40.0,0,0,1,5,14,0,0
20,LCD146 - METRÔ VICENTE DE CARVALHO - TERMINAL MARGARIDAS (CIRCULAR),15,2,5.0,1.38,72.3,72.3,0,0,7,7,6,0,0
20,610 - DEL CASTILHO - TANQUE,16,10,5.0,4.04,19.1,19.1,0,0,5,4,11,0,0
19,04A - VARZEA - ALCÂNTARA,17,2,5.55,2.96,49.15,46.61,0,0,8,8,3,0,0
19,SR328 - BANANAL - CANDELÁRIA,15,4,5.0,5.0,0.0,0.0,0,0,6,5,8,0,0
19,788 - CAMPO GRANDE - TERMINAL DEODORO (VIA PONTO CHIC),19,5,5.0,4.39,11.6,12.21,0,0,2,4,13,0,0
19,C28OTA2 - Estação Otaviano,10,2,5.0,4.97,0.6,0.63,0,0,7,7,5,0,0
19,842 - PACIÊNCIA - CAMPO GRANDE,19,2,5.0,4.33,12.8,13.47,0,0,5,6,8,0,0
18,SP326 - BANCARIOS - TERMINAL FUNDAO,15,4,5.0,0.71,77.3,85.89,0,0,8,7,3,0,0
18,765 - MENDANHA - TERMINAL DEODORO,17,2,5.0,3.76,22.3,24.78,0,0,0,5,13,0,0
18,846VT - CAMPO GRANDE - RIO DA PRATA,18,1,5.0,3.73,22.9,25.44,0,0,0,18,0,0,0
18,484 - OLARIA - COPACABANA (VIA PARQUE DO FLAMENGO),18,1,5.0,1.94,55.0,61.11,0,0,5,9,4,0,0
18,SN731 - CAMPO GRANDE - MARECHAL HERMES,18,3,5.0,3.49,27.1,30.11,0,0,7,9,2,0,0
18,229 - USINA - CASTELO (CIRCULAR),17,2,5.0,3.89,20.0,22.22,0,0,4,7,7,0,0
17,SP635 - TERMINAL FUNDÃO - SAENS PEÑA,15,5,5.0,1.47,60.0,70.59,0,0,6,7,4,0,0
17,O62SJO2 - Estação São Jorge,13,2,5.0,5.0,0.0,0.0,0,0,5,5,7,0,0
17,311 - ENGENHEIRO LEAL - CANDELÁRIA (VIA CAVALCANTI),15,7,5.0,3.69,22.3,26.24,0,0,4,7,6,0,0
17,SPB483 - PARQUE UNIÃO X GENERAL OSÓRIO,17,1,5.0,1.76,55.0,64.71,0,0,4,9,4,0,0
16,SN919 - PENHA - CANDELÁRIA,8,9,5.0,3.15,29.6,37.0,0,0,5,6,5,0,0
16,56 - VARZEA DAS MOÇAS - ITAIPU,9,2,5.6,1.09,72.1,80.47,0,0,7,5,4,0,0
16,L03TAP2 - Estação Tapebuias,12,2,5.0,5.0,0.0,0.0,0,0,7,4,5,0,0
16,SPB326 - BANCÁRIOS - TERMINAL FUNDÃO,16,3,5.0,2.15,45.6,57.0,0,0,8,1,7,0,0
16,28 - CENTRO CIRCULAR LARGO CRAVINHO VIA FONSECA,13,1,5.6,0.46,82.2,91.74,0,0,3,6,7,0,0
16,C13DIV2 - Estação Divina Providência,11,2,5.0,5.0,0.0,0.0,0,0,6,5,5,0,0
15,703-M - MANILHA - LARGO DA IDEIA ( VIA ESTRADA DO SAPÊ ),8,1,7.1,6.79,4.7,4.41,0,0,5,6,4,0,0
15,C20IPS2 - Estação Ipase,12,1,5.0,5.0,0.0,0.0,0,0,7,3,5,0,0
15,416 - SAENS PENA - JARDIM BOTANICO (HORTO) (VIA TUNEL REBOUCAS),14,8,5.0,2.67,35.0,46.67,0,0,7,3,5,0,0
15,O34IGT2 - Estação Ilha de Guaratiba,11,2,5.0,5.0,0.0,0.0,0,0,7,5,3,0,0
14,O63PRA2 - Estação Pina Rangel,10,2,5.0,5.0,0.0,0.0,0,0,7,3,4,0,0
14,844 - BARRA SHOPPING - BARRINHA,9,1,5.0,4.64,5.0,7.14,0,0,3,8,3,0,0
14,SN867 - BARRA DE GUARATIBA - TERMINAL CAMPO GRANDE,8,6,5.0,3.7,18.2,26.0,0,0,5,4,5,0,0
14,921 - BANCARIOS X RIBEIRA,11,4,5.0,4.56,6.2,8.86,0,0,5,4,5,0,0
14,11 - LUIZ CAÇADOR - FÓRUM (NOVA CIDADE),14,1,5.55,3.3,31.55,40.61,0,0,3,7,4,0,0
14,SN885 - TERMINAL MATO ALTO - SANTA CRUZ,7,6,5.0,5.0,0.0,0.0,0,0,4,5,5,0,0
14,925 - BANCARIOS - AEROPORTO,12,5,5.0,3.13,26.2,37.43,0,0,5,6,3,0,0
14,O40VDV2 - Estação Vendas de varanda,11,2,5.0,5.0,0.0,0.0,0,0,4,4,6,0,0
13,765I - PIABETÁ - XERÉM (VIA NOVA CAMPINA E IMBARIÊ),13,1,6.7,4.63,26.9,30.88,0,0,4,3,6,0,0
13,608 - GRAJAU - PRACA SAENS PENA,12,10,5.0,1.92,40.0,61.54,0,0,7,3,3,0,0
13,894 - TERMINAL CAMPO GRANDE - JARDIM MORICABA,12,2,5.0,3.32,21.9,33.69,0,0,4,5,4,0,0
13,808 - CAMPO GRANDE - SALIM,11,2,5.0,4.23,10.0,15.38,0,0,3,6,4,0,0
13,SV922 - FUNDÃO - TUBIACANGA (VIA AEROPORTO),7,5,5.0,2.69,30.0,46.15,0,0,5,4,4,0,0
13,SN895 - SERRINHA - CAMPO GRANDE,7,2,5.0,5.0,0.0,0.0,0,0,3,5,5,0,0
13,SV790 - CAMPO GRANDE - CASCADURA,13,1,5.0,3.83,15.2,23.38,0,0,0,5,8,0,0
13,SC028 - TERMINAL PINGO D AGUA - TERMINAL CURRAL FALSO,8,9,5.0,4.34,8.6,13.23,0,0,5,5,3,0,0
12,O32DBO2 - Estação Dom Bosco,8,2,5.0,5.0,0.0,0.0,0,0,3,4,5,0,0
12,277 - ROCHA MIRANDA - CANDELÁRIA,11,8,5.0,2.53,29.6,49.33,0,0,4,2,6,0,0
12,665 - NOVA IGUAÇU - EDSON PASSOS (VIA EMILIO GUAD.),12,1,6.7,4.97,20.8,25.87,0,0,3,3,6,0,0
12,48B - BOSQUE - CENTRO,12,2,5.6,1.24,52.3,77.83,0,0,12,0,0,0,0
12,34B - AMENDOEIRA - ALCÂNTARA,12,1,5.55,4.55,12.05,18.09,0,0,4,3,5,0,0
12,349 - ROCHA MIRANDA X CASTELO (CIRCULAR),10,4,5.0,3.18,21.9,36.5,0,0,1,4,7,0,0
12,O51TPO2 - Estação Três Pontes,7,2,5.0,5.0,0.0,0.0,0,0,4,5,3,0,0
11,O48CES2 - Estação Cesarão II,7,2,5.0,5.0,0.0,0.0,0,0,2,7,2,0,0
11,O41SVE2 - Estação Santa Veridiana,8,2,5.0,5.0,0.0,0.0,0,0,2,3,6,0,0
11,SN639 - JARDIM AMÉRICA - SAENS PEÑA,11,5,5.0,3.46,16.9,30.73,0,0,4,4,3,0,0
10,O22GFS2 - Estação Gelson Fonseca,7,2,5.0,5.0,0.0,0.0,0,0,2,3,5,0,0
10,439I - NILOPOLIS - MESQUITA (MESQUITA EXTRA),8,2,6.7,5.4,13.0,19.4,0,0,4,3,3,0,0
10,O33PON2 - Estação Pontal,6,2,5.0,5.0,0.0,0.0,0,0,5,4,1,0,0
10,O50VPC2 - Estação Vila Paciência,6,1,5.0,5.0,0.0,0.0,0,0,3,3,4,0,0
10,635 - BANANAL X SAENS PENA,10,6,5.0,3.5,15.0,30.0,0,0,3,4,3,0,0
10,SN853 - TERMINAL DEODORO X TERMINAL MATO ALTO (VIA MENDANHA),8,4,5.0,1.53,34.7,69.4,0,0,3,1,6,0,0
10,785 - COELHO NETO - CASCADURA,10,7,5.0,3.61,13.9,27.8,0,0,2,4,4,0,0
10,557 - RIO DAS PEDRAS - COPACABANA,10,9,5.0,3.5,15.0,30.0,0,0,3,4,3,0,0
9,SN884 - SEPETIBA - CAMPO GRANDE,7,5,5.0,4.08,8.3,18.44,0,0,2,3,4,0,0
9,663 - MEIER - FUNDAO (CIRCULAR),8,1,5.0,3.27,15.6,34.67,0,0,2,3,4,0,0
9,SN265 - MARECHAL HERMES - CASTELO,9,6,5.0,3.89,10.0,22.22,0,0,2,4,3,0,0
9,555 - RIO DAS PEDRAS - GAVEA,8,8,5.0,3.89,10.0,22.22,0,0,0,6,3,0,0
9,950 - VICENTE CARVALHO X VISTA ALEGRE,9,2,5.0,1.97,27.3,60.67,0,0,3,6,0,0,0
9,O53OUT2 - Estação 31 de Outubro,6,2,5.0,4.74,2.3,5.11,0,0,4,3,2,0,0
9,SV384 - PAVUNA - PASSEIO,7,3,5.0,5.0,0.0,0.0,0,0,2,5,2,0,0
8,1013 - OLARIA X PIABETA (VIA SURUI),8,1,3.9,2.92,7.8,25.0,0,0,8,0,0,0,0
8,O25BVN2 - Estação Benvindo de Novaes,7,1,5.0,4.38,5.0,12.5,0,0,1,4,3,0,0
8,872 - SEPETIBA - BRT MATO ALTO,8,2,5.0,3.35,13.2,33.0,0,0,1,1,6,0,0
8,518 - URCA - BOTAFOGO,7,2,5.0,0.62,35.0,87.5,0,0,3,3,2,0,0
8,SV669 - PAVUNA - CACHAMBI (VIA CAMBOATA) (CIRCULAR),8,1,5.0,4.01,7.9,19.75,0,0,8,0,0,0,0
8,55B - BAIRRO PALMEIRAS X FORUM,7,1,5.55,2.69,22.85,51.46,0,0,4,3,1,0,0
8,O64PES2 - Estação Parque da Esperança,5,2,5.0,5.0,0.0,0.0,0,0,3,3,2,0,0
8,932 - GARDENIA AZUL X TANQUE (VIA PAU FERRO),7,5,5.0,4.01,7.9,19.75,0,0,1,5,2,0,0
7,987 - GARDENIA AZUL  - PECHINCHA,7,1,5.0,3.4,11.2,32.0,0,0,0,7,0,0,0
7,C15MCK2 - Estação Merck,7,2,5.0,4.29,5.0,14.29,0,0,3,2,2,0,0
7,SN133 - LARGO DO MACHADO - RODOVIÁRIA,6,3,5.0,0.71,30.0,85.71,0,0,2,2,3,0,0
6,43-2 - CIRCULAR VIA 22 DE NOVEMBRO A,5,2,5.6,0.0,33.6,100.0,0,0,3,1,2,0,0
6,O60INH2 - Estação Inhoaíba,5,1,5.0,5.0,0.0,0.0,0,0,3,2,1,0,0
6,C29VQZ2 - Estação Vila Queiroz,6,1,5.0,5.0,0.0,0.0,0,0,0,5,1,0,0
6,O61AGZ2 - Estação Ana Gonzaga,5,1,5.0,5.0,0.0,0.0,0,0,3,3,0,0,0
6,831 - COLONIA X TAQUARA,4,3,5.0,1.28,22.3,74.33,0,0,3,2,1,0,0
6,O16GOP2 - Estação Golfe Olímpico,4,1,5.0,5.0,0.0,0.0,0,0,2,3,1,0,0
5,OC3A - ITAIPU X CENTRO VIA ENGENHO DO MATO,5,3,5.6,1.3,21.5,76.78,0,0,2,1,2,0,0
5,L02CRE2 - Estação Catedral do Recreio,5,1,5.0,5.0,0.0,0.0,0,0,2,2,1,0,0
5,O55JMG2 - Estação Júlia Miguel,2,1,5.0,5.0,0.0,0.0,0,0,1,2,2,0,0
5,859 - COVANCA X LARGO DO TANQUE (CIRCULAR),2,4,5.0,4.54,2.3,9.2,0,0,1,1,3,0,0
5,585 - LARGO DO MACHADO - JARDIM DE ALAH,5,3,5.0,2.0,15.0,60.0,0,0,1,4,0,0,0
5,SV921 - BANCÁRIOS - RIBEIRA,5,1,5.0,5.0,0.0,0.0,0,0,1,2,2,0,0
5,SN779 - PAVUNA - MADUREIRA,4,4,5.0,4.08,4.6,18.4,0,0,1,4,0,0,0
5,54 - SAPE - PIRATININGA,5,2,5.6,0.0,28.0,100.0,0,0,1,0,4,0,0
5,66C - SÃO LOURENÇO - CENTRO (CIRCULAR),4,1,5.6,0.0,28.0,100.0,0,0,1,4,0,0,0
5,404 - CORDOVIL X LEBLON (VIA AV. BRASIL - CIRCULAR),5,1,5.0,4.0,5.0,20.0,0,0,5,0,0,0,0
4,750I - ENG. PEDREIRA - JACERUBA,4,3,6.7,6.7,0.0,0.0,0,0,1,3,0,0,0
4,2144M - MARICA - NITEROI REVISAO TA,4,1,14.25,9.4,19.4,34.04,0,0,4,0,0,0,0
4,SN007 - SILVESTRE - CENTRAL,4,3,5.0,2.5,10.0,50.0,0,0,2,2,0,0,0
4,O47CES2 - Estação Cesarão I,3,1,5.0,5.0,0.0,0.0,0,0,1,3,0,0,0
4,415TMA2 - BARRA DA TIJUCA - MAGE,4,1,20.25,6.48,55.1,68.02,0,0,3,0,1,0,0
4,O57COS2 - Estação Cosmos,3,1,5.0,5.0,0.0,0.0,0,0,3,0,1,0,0
3,O30RGA2 - Estação Recanto das Garças,3,1,5.0,5.0,0.0,0.0,0,0,1,1,1,0,0
3,685 - IRAJA - MEIER,3,1,5.0,5.0,0.0,0.0,0,0,3,0,0,0,0
3,SV391 - PADRE MIGUEL - PRAÇA DA REPÚBLICA,3,1,5.0,3.33,5.0,33.33,0,0,0,0,3,0,0
2,O35CTX2 - Estação Ctex.,1,2,5.0,5.0,0.0,0.0,0,0,1,0,1,0,0
2,SN898 - SEPETIBA - CAMPO GRANDE,2,2,5.0,2.2,5.6,56.0,0,0,1,0,1,0,0
2,O31NOT2 - Estação Notre Dame,2,2,5.0,5.0,0.0,0.0,0,0,0,1,1,0,0
2,820 - RIO DA PRATA - TERMINAL MATO ALTO,2,2,5.0,5.0,0.0,0.0,0,0,1,0,1,0,0
2,603 - USINA - PRACA SAENS PENA (VIA SAO MIGUEL),2,1,5.0,5.0,0.0,0.0,0,0,2,0,0,0,0
1,42T - BARRETO - CENTRO (VIA RODOVIARIA),1,1,5.6,0.0,5.6,100.0,0,0,1,0,0,0,0
1,829 - GARDENIA AZUL - FREGUESIA,1,1,5.0,0.0,5.0,100.0,0,0,1,0,0,0,0
1,959 - METRÔ VICENTE DE CARVALHO - IRAJÁ,1,1,5.0,5.0,0.0,0.0,0,0,1,0,0,0,0
1,O36EBR2 - Estação Embrapa,1,1,5.0,5.0,0.0,0.0,0,0,0,0,1,0,0
1,SN629 - IRAJA X SAENS PENA,1,1,5.0,0.0,5.0,100.0,0,0,0,0,1,0,0
1,448 - MARACAI - SAO CONRADO (CIRCULAR),1,1,5.0,0.0,5.0,100.0,0,0,0,0,1,0,0
1,O65CAM2 - Estação Cândido Magalhães,1,1,5.0,5.0,0.0,0.0,0,0,0,0,1,0,0
1,519 - URCA - COPACABANA,1,1,5.0,5.0,0.0,0.0,0,0,1,0,0,0,0
1,O08BSE2 - ESTAÇÃO BARRA SHOPPING - EXPRESSO,1,1,5.0,5.0,0.0,0.0,0,0,1,0,0,0,0
